user=User.objects.create_user(',Beck,"','",Beck@illinois.edu,"','",bicycle00,"', is_student=True, first_name='",Marquis,"',last_name=’",Beck,'),"user=User.objects.create_user('Beck','Beck@illinois.edu','bicycle00', is_student=True, first_name='Beck', last_name='Marquis')",,Beck,"', last_name='",Marquis,')
user=User.objects.create_user(',Brady,"','",Brady@illinois.edu,"','",bicycle00,"', is_student=True, first_name='",Chace,"',last_name=’",Brady,'),"user=User.objects.create_user('Brady','Brady@illinois.edu','bicycle00', is_student=True, first_name='Brady', last_name='Chace')",,Brady,"', last_name='",Chace,')
user=User.objects.create_user(',Avery,"','",Avery@illinois.edu,"','",bicycle00,"', is_student=True, first_name='",Tobias,"',last_name=’",Avery,'),"user=User.objects.create_user('Avery','Avery@illinois.edu','bicycle00', is_student=True, first_name='Avery', last_name='Tobias')",,Avery,"', last_name='",Tobias,')
user=User.objects.create_user(',Fitzpatrick,"','",Fitzpatrick@illinois.edu,"','",bicycle00,"', is_student=True, first_name='",Kane,"',last_name=’",Fitzpatrick,'),"user=User.objects.create_user('Fitzpatrick','Fitzpatrick@illinois.edu','bicycle00', is_student=True, first_name='Fitzpatrick', last_name='Kane')",,Fitzpatrick,"', last_name='",Kane,')
user=User.objects.create_user(',Gibbs,"','",Gibbs@illinois.edu,"','",bicycle00,"', is_student=True, first_name='",Bronson,"',last_name=’",Gibbs,'),"user=User.objects.create_user('Gibbs','Gibbs@illinois.edu','bicycle00', is_student=True, first_name='Gibbs', last_name='Bronson')",,Gibbs,"', last_name='",Bronson,')
user=User.objects.create_user(',White,"','",White@illinois.edu,"','",bicycle00,"', is_student=True, first_name='",Calvin,"',last_name=’",White,'),"user=User.objects.create_user('White','White@illinois.edu','bicycle00', is_student=True, first_name='White', last_name='Calvin')",,White,"', last_name='",Calvin,')
user=User.objects.create_user(',Becker,"','",Becker@illinois.edu,"','",bicycle00,"', is_student=True, first_name='",Luke,"',last_name=’",Becker,'),"user=User.objects.create_user('Becker','Becker@illinois.edu','bicycle00', is_student=True, first_name='Becker', last_name='Luke')",,Becker,"', last_name='",Luke,')
user=User.objects.create_user(',Watson,"','",Watson@illinois.edu,"','",bicycle00,"', is_student=True, first_name='",Jaden,"',last_name=’",Watson,'),"user=User.objects.create_user('Watson','Watson@illinois.edu','bicycle00', is_student=True, first_name='Watson', last_name='Jaden')",,Watson,"', last_name='",Jaden,')
user=User.objects.create_user(',Villarreal,"','",Villarreal@illinois.edu,"','",bicycle00,"', is_student=True, first_name='",Alfred,"',last_name=’",Villarreal,'),"user=User.objects.create_user('Villarreal','Villarreal@illinois.edu','bicycle00', is_student=True, first_name='Villarreal', last_name='Alfred')",,Villarreal,"', last_name='",Alfred,')
user=User.objects.create_user(',Beard,"','",Beard@illinois.edu,"','",bicycle00,"', is_student=True, first_name='",Kylan,"',last_name=’",Beard,'),"user=User.objects.create_user('Beard','Beard@illinois.edu','bicycle00', is_student=True, first_name='Beard', last_name='Kylan')",,Beard,"', last_name='",Kylan,')
user=User.objects.create_user(',Mckinney,"','",Mckinney@illinois.edu,"','",bicycle00,"', is_student=True, first_name='",Greyson,"',last_name=’",Mckinney,'),"user=User.objects.create_user('Mckinney','Mckinney@illinois.edu','bicycle00', is_student=True, first_name='Mckinney', last_name='Greyson')",,Mckinney,"', last_name='",Greyson,')
user=User.objects.create_user(',Russell,"','",Russell@illinois.edu,"','",bicycle00,"', is_student=True, first_name='",Leland,"',last_name=’",Russell,'),"user=User.objects.create_user('Russell','Russell@illinois.edu','bicycle00', is_student=True, first_name='Russell', last_name='Leland')",,Russell,"', last_name='",Leland,')
user=User.objects.create_user(',Dawson,"','",Dawson@illinois.edu,"','",bicycle00,"', is_student=True, first_name='",Justin,"',last_name=’",Dawson,'),"user=User.objects.create_user('Dawson','Dawson@illinois.edu','bicycle00', is_student=True, first_name='Dawson', last_name='Justin')",,Dawson,"', last_name='",Justin,')
user=User.objects.create_user(',Hayes,"','",Hayes@illinois.edu,"','",bicycle00,"', is_student=True, first_name='",Avery,"',last_name=’",Hayes,'),"user=User.objects.create_user('Hayes','Hayes@illinois.edu','bicycle00', is_student=True, first_name='Hayes', last_name='Avery')",,Hayes,"', last_name='",Avery,')
user=User.objects.create_user(',Herring,"','",Herring@illinois.edu,"','",bicycle00,"', is_student=True, first_name='",Kristopher,"',last_name=’",Herring,'),"user=User.objects.create_user('Herring','Herring@illinois.edu','bicycle00', is_student=True, first_name='Herring', last_name='Kristopher')",,Herring,"', last_name='",Kristopher,')
user=User.objects.create_user(',Riggs,"','",Riggs@illinois.edu,"','",bicycle00,"', is_student=True, first_name='",Jacob,"',last_name=’",Riggs,'),"user=User.objects.create_user('Riggs','Riggs@illinois.edu','bicycle00', is_student=True, first_name='Riggs', last_name='Jacob')",,Riggs,"', last_name='",Jacob,')
user=User.objects.create_user(',Ali,"','",Ali@illinois.edu,"','",bicycle00,"', is_student=True, first_name='",Deshawn,"',last_name=’",Ali,'),"user=User.objects.create_user('Ali','Ali@illinois.edu','bicycle00', is_student=True, first_name='Ali', last_name='Deshawn')",,Ali,"', last_name='",Deshawn,')
user=User.objects.create_user(',Sullivan,"','",Sullivan@illinois.edu,"','",bicycle00,"', is_student=True, first_name='",Abel,"',last_name=’",Sullivan,'),"user=User.objects.create_user('Sullivan','Sullivan@illinois.edu','bicycle00', is_student=True, first_name='Sullivan', last_name='Abel')",,Sullivan,"', last_name='",Abel,')
user=User.objects.create_user(',Strong,"','",Strong@illinois.edu,"','",bicycle00,"', is_student=True, first_name='",Johnny,"',last_name=’",Strong,'),"user=User.objects.create_user('Strong','Strong@illinois.edu','bicycle00', is_student=True, first_name='Strong', last_name='Johnny')",,Strong,"', last_name='",Johnny,')
user=User.objects.create_user(',Merritt,"','",Merritt@illinois.edu,"','",bicycle00,"', is_student=True, first_name='",Zander,"',last_name=’",Merritt,'),"user=User.objects.create_user('Merritt','Merritt@illinois.edu','bicycle00', is_student=True, first_name='Merritt', last_name='Zander')",,Merritt,"', last_name='",Zander,')
user=User.objects.create_user(',Ferrell,"','",Ferrell@illinois.edu,"','",bicycle00,"', is_student=True, first_name='",Jayvion,"',last_name=’",Ferrell,'),"user=User.objects.create_user('Ferrell','Ferrell@illinois.edu','bicycle00', is_student=True, first_name='Ferrell', last_name='Jayvion')",,Ferrell,"', last_name='",Jayvion,')
user=User.objects.create_user(',Glass,"','",Glass@illinois.edu,"','",bicycle00,"', is_student=True, first_name='",Maverick,"',last_name=’",Glass,'),"user=User.objects.create_user('Glass','Glass@illinois.edu','bicycle00', is_student=True, first_name='Glass', last_name='Maverick')",,Glass,"', last_name='",Maverick,')
user=User.objects.create_user(',Holder,"','",Holder@illinois.edu,"','",bicycle00,"', is_student=True, first_name='",Lewis,"',last_name=’",Holder,'),"user=User.objects.create_user('Holder','Holder@illinois.edu','bicycle00', is_student=True, first_name='Holder', last_name='Lewis')",,Holder,"', last_name='",Lewis,')
user=User.objects.create_user(',Peters,"','",Peters@illinois.edu,"','",bicycle00,"', is_student=True, first_name='",Tyrone,"',last_name=’",Peters,'),"user=User.objects.create_user('Peters','Peters@illinois.edu','bicycle00', is_student=True, first_name='Peters', last_name='Tyrone')",,Peters,"', last_name='",Tyrone,')
user=User.objects.create_user(',Dudley,"','",Dudley@illinois.edu,"','",bicycle00,"', is_student=True, first_name='",Lawson,"',last_name=’",Dudley,'),"user=User.objects.create_user('Dudley','Dudley@illinois.edu','bicycle00', is_student=True, first_name='Dudley', last_name='Lawson')",,Dudley,"', last_name='",Lawson,')
user=User.objects.create_user(',Mclean,"','",Mclean@illinois.edu,"','",bicycle00,"', is_student=True, first_name='",Steven,"',last_name=’",Mclean,'),"user=User.objects.create_user('Mclean','Mclean@illinois.edu','bicycle00', is_student=True, first_name='Mclean', last_name='Steven')",,Mclean,"', last_name='",Steven,')
user=User.objects.create_user(',Gonzalez,"','",Gonzalez@illinois.edu,"','",bicycle00,"', is_student=True, first_name='",Jaquan,"',last_name=’",Gonzalez,'),"user=User.objects.create_user('Gonzalez','Gonzalez@illinois.edu','bicycle00', is_student=True, first_name='Gonzalez', last_name='Jaquan')",,Gonzalez,"', last_name='",Jaquan,')
user=User.objects.create_user(',Alexander,"','",Alexander@illinois.edu,"','",bicycle00,"', is_student=True, first_name='",Louis,"',last_name=’",Alexander,'),"user=User.objects.create_user('Alexander','Alexander@illinois.edu','bicycle00', is_student=True, first_name='Alexander', last_name='Louis')",,Alexander,"', last_name='",Louis,')
user=User.objects.create_user(',Townsend,"','",Townsend@illinois.edu,"','",bicycle00,"', is_student=True, first_name='",Dereon,"',last_name=’",Townsend,'),"user=User.objects.create_user('Townsend','Townsend@illinois.edu','bicycle00', is_student=True, first_name='Townsend', last_name='Dereon')",,Townsend,"', last_name='",Dereon,')
user=User.objects.create_user(',Moody,"','",Moody@illinois.edu,"','",bicycle00,"', is_student=True, first_name='",Rory,"',last_name=’",Moody,'),"user=User.objects.create_user('Moody','Moody@illinois.edu','bicycle00', is_student=True, first_name='Moody', last_name='Rory')",,Moody,"', last_name='",Rory,')
user=User.objects.create_user(',Levy,"','",Levy@illinois.edu,"','",bicycle00,"', is_student=True, first_name='",Kadin,"',last_name=’",Levy,'),"user=User.objects.create_user('Levy','Levy@illinois.edu','bicycle00', is_student=True, first_name='Levy', last_name='Kadin')",,Levy,"', last_name='",Kadin,')
user=User.objects.create_user(',Medina,"','",Medina@illinois.edu,"','",bicycle00,"', is_student=True, first_name='",Zachariah,"',last_name=’",Medina,'),"user=User.objects.create_user('Medina','Medina@illinois.edu','bicycle00', is_student=True, first_name='Medina', last_name='Zachariah')",,Medina,"', last_name='",Zachariah,')
user=User.objects.create_user(',Bonilla,"','",Bonilla@illinois.edu,"','",bicycle00,"', is_student=True, first_name='",Ayaan,"',last_name=’",Bonilla,'),"user=User.objects.create_user('Bonilla','Bonilla@illinois.edu','bicycle00', is_student=True, first_name='Bonilla', last_name='Ayaan')",,Bonilla,"', last_name='",Ayaan,')
user=User.objects.create_user(',Potts,"','",Potts@illinois.edu,"','",bicycle00,"', is_student=True, first_name='",Clinton,"',last_name=’",Potts,'),"user=User.objects.create_user('Potts','Potts@illinois.edu','bicycle00', is_student=True, first_name='Potts', last_name='Clinton')",,Potts,"', last_name='",Clinton,')
user=User.objects.create_user(',Ramirez,"','",Ramirez@illinois.edu,"','",bicycle00,"', is_student=True, first_name='",Atticus,"',last_name=’",Ramirez,'),"user=User.objects.create_user('Ramirez','Ramirez@illinois.edu','bicycle00', is_student=True, first_name='Ramirez', last_name='Atticus')",,Ramirez,"', last_name='",Atticus,')
user=User.objects.create_user(',Hancock,"','",Hancock@illinois.edu,"','",bicycle00,"', is_student=True, first_name='",Dante,"',last_name=’",Hancock,'),"user=User.objects.create_user('Hancock','Hancock@illinois.edu','bicycle00', is_student=True, first_name='Hancock', last_name='Dante')",,Hancock,"', last_name='",Dante,')
user=User.objects.create_user(',Reed,"','",Reed@illinois.edu,"','",bicycle00,"', is_student=True, first_name='",Darrell,"',last_name=’",Reed,'),"user=User.objects.create_user('Reed','Reed@illinois.edu','bicycle00', is_student=True, first_name='Reed', last_name='Darrell')",,Reed,"', last_name='",Darrell,')
user=User.objects.create_user(',Woods,"','",Woods@illinois.edu,"','",bicycle00,"', is_student=True, first_name='",Jamal,"',last_name=’",Woods,'),"user=User.objects.create_user('Woods','Woods@illinois.edu','bicycle00', is_student=True, first_name='Woods', last_name='Jamal')",,Woods,"', last_name='",Jamal,')
user=User.objects.create_user(',Ellison,"','",Ellison@illinois.edu,"','",bicycle00,"', is_student=True, first_name='",Rodrigo,"',last_name=’",Ellison,'),"user=User.objects.create_user('Ellison','Ellison@illinois.edu','bicycle00', is_student=True, first_name='Ellison', last_name='Rodrigo')",,Ellison,"', last_name='",Rodrigo,')
user=User.objects.create_user(',Mccoy,"','",Mccoy@illinois.edu,"','",bicycle00,"', is_student=True, first_name='",Julius,"',last_name=’",Mccoy,'),"user=User.objects.create_user('Mccoy','Mccoy@illinois.edu','bicycle00', is_student=True, first_name='Mccoy', last_name='Julius')",,Mccoy,"', last_name='",Julius,')
user=User.objects.create_user(',Patrick,"','",Patrick@illinois.edu,"','",bicycle00,"', is_student=True, first_name='",Ramiro,"',last_name=’",Patrick,'),"user=User.objects.create_user('Patrick','Patrick@illinois.edu','bicycle00', is_student=True, first_name='Patrick', last_name='Ramiro')",,Patrick,"', last_name='",Ramiro,')
user=User.objects.create_user(',Johns,"','",Johns@illinois.edu,"','",bicycle00,"', is_student=True, first_name='",Maxwell,"',last_name=’",Johns,'),"user=User.objects.create_user('Johns','Johns@illinois.edu','bicycle00', is_student=True, first_name='Johns', last_name='Maxwell')",,Johns,"', last_name='",Maxwell,')
user=User.objects.create_user(',Stewart,"','",Stewart@illinois.edu,"','",bicycle00,"', is_student=True, first_name='",Nathan,"',last_name=’",Stewart,'),"user=User.objects.create_user('Stewart','Stewart@illinois.edu','bicycle00', is_student=True, first_name='Stewart', last_name='Nathan')",,Stewart,"', last_name='",Nathan,')
user=User.objects.create_user(',Brown,"','",Brown@illinois.edu,"','",bicycle00,"', is_student=True, first_name='",Isiah,"',last_name=’",Brown,'),"user=User.objects.create_user('Brown','Brown@illinois.edu','bicycle00', is_student=True, first_name='Brown', last_name='Isiah')",,Brown,"', last_name='",Isiah,')
user=User.objects.create_user(',Luna,"','",Luna@illinois.edu,"','",bicycle00,"', is_student=True, first_name='",Aiden,"',last_name=’",Luna,'),"user=User.objects.create_user('Luna','Luna@illinois.edu','bicycle00', is_student=True, first_name='Luna', last_name='Aiden')",,Luna,"', last_name='",Aiden,')
user=User.objects.create_user(',Short,"','",Short@illinois.edu,"','",bicycle00,"', is_student=True, first_name='",Cyrus,"',last_name=’",Short,'),"user=User.objects.create_user('Short','Short@illinois.edu','bicycle00', is_student=True, first_name='Short', last_name='Cyrus')",,Short,"', last_name='",Cyrus,')
user=User.objects.create_user(',Walter,"','",Walter@illinois.edu,"','",bicycle00,"', is_student=True, first_name='",Kason,"',last_name=’",Walter,'),"user=User.objects.create_user('Walter','Walter@illinois.edu','bicycle00', is_student=True, first_name='Walter', last_name='Kason')",,Walter,"', last_name='",Kason,')
user=User.objects.create_user(',Roy,"','",Roy@illinois.edu,"','",bicycle00,"', is_student=True, first_name='",Isaac,"',last_name=’",Roy,'),"user=User.objects.create_user('Roy','Roy@illinois.edu','bicycle00', is_student=True, first_name='Roy', last_name='Isaac')",,Roy,"', last_name='",Isaac,')
user=User.objects.create_user(',Sharp,"','",Sharp@illinois.edu,"','",bicycle00,"', is_student=True, first_name='",Ari,"',last_name=’",Sharp,'),"user=User.objects.create_user('Sharp','Sharp@illinois.edu','bicycle00', is_student=True, first_name='Sharp', last_name='Ari')",,Sharp,"', last_name='",Ari,')
user=User.objects.create_user(',Campbell,"','",Campbell@illinois.edu,"','",bicycle00,"', is_student=True, first_name='",Tony,"',last_name=’",Campbell,'),"user=User.objects.create_user('Campbell','Campbell@illinois.edu','bicycle00', is_student=True, first_name='Campbell', last_name='Tony')",,Campbell,"', last_name='",Tony,')
user=User.objects.create_user(',Cameron,"','",Cameron@illinois.edu,"','",bicycle00,"', is_student=True, first_name='",Dax,"',last_name=’",Cameron,'),"user=User.objects.create_user('Cameron','Cameron@illinois.edu','bicycle00', is_student=True, first_name='Cameron', last_name='Dax')",,Cameron,"', last_name='",Dax,')
user=User.objects.create_user(',Cochran,"','",Cochran@illinois.edu,"','",bicycle00,"', is_student=True, first_name='",Jude,"',last_name=’",Cochran,'),"user=User.objects.create_user('Cochran','Cochran@illinois.edu','bicycle00', is_student=True, first_name='Cochran', last_name='Jude')",,Cochran,"', last_name='",Jude,')
user=User.objects.create_user(',Preston,"','",Preston@illinois.edu,"','",bicycle00,"', is_student=True, first_name='",Silas,"',last_name=’",Preston,'),"user=User.objects.create_user('Preston','Preston@illinois.edu','bicycle00', is_student=True, first_name='Preston', last_name='Silas')",,Preston,"', last_name='",Silas,')
user=User.objects.create_user(',Rosales,"','",Rosales@illinois.edu,"','",bicycle00,"', is_student=True, first_name='",Tyson,"',last_name=’",Rosales,'),"user=User.objects.create_user('Rosales','Rosales@illinois.edu','bicycle00', is_student=True, first_name='Rosales', last_name='Tyson')",,Rosales,"', last_name='",Tyson,')
user=User.objects.create_user(',Glenn,"','",Glenn@illinois.edu,"','",bicycle00,"', is_student=True, first_name='",Seth,"',last_name=’",Glenn,'),"user=User.objects.create_user('Glenn','Glenn@illinois.edu','bicycle00', is_student=True, first_name='Glenn', last_name='Seth')",,Glenn,"', last_name='",Seth,')
user=User.objects.create_user(',Lynch,"','",Lynch@illinois.edu,"','",bicycle00,"', is_student=True, first_name='",Rodney,"',last_name=’",Lynch,'),"user=User.objects.create_user('Lynch','Lynch@illinois.edu','bicycle00', is_student=True, first_name='Lynch', last_name='Rodney')",,Lynch,"', last_name='",Rodney,')
user=User.objects.create_user(',Cox,"','",Cox@illinois.edu,"','",bicycle00,"', is_student=True, first_name='",Sonny,"',last_name=’",Cox,'),"user=User.objects.create_user('Cox','Cox@illinois.edu','bicycle00', is_student=True, first_name='Cox', last_name='Sonny')",,Cox,"', last_name='",Sonny,')
user=User.objects.create_user(',Stanton,"','",Stanton@illinois.edu,"','",bicycle00,"', is_student=True, first_name='",Trace,"',last_name=’",Stanton,'),"user=User.objects.create_user('Stanton','Stanton@illinois.edu','bicycle00', is_student=True, first_name='Stanton', last_name='Trace')",,Stanton,"', last_name='",Trace,')
user=User.objects.create_user(',Cobb,"','",Cobb@illinois.edu,"','",bicycle00,"', is_student=True, first_name='",Jordan,"',last_name=’",Cobb,'),"user=User.objects.create_user('Cobb','Cobb@illinois.edu','bicycle00', is_student=True, first_name='Cobb', last_name='Jordan')",,Cobb,"', last_name='",Jordan,')
user=User.objects.create_user(',Bean,"','",Bean@illinois.edu,"','",bicycle00,"', is_student=True, first_name='",Harry,"',last_name=’",Bean,'),"user=User.objects.create_user('Bean','Bean@illinois.edu','bicycle00', is_student=True, first_name='Bean', last_name='Harry')",,Bean,"', last_name='",Harry,')
user=User.objects.create_user(',Fry,"','",Fry@illinois.edu,"','",bicycle00,"', is_student=True, first_name='",Tyree,"',last_name=’",Fry,'),"user=User.objects.create_user('Fry','Fry@illinois.edu','bicycle00', is_student=True, first_name='Fry', last_name='Tyree')",,Fry,"', last_name='",Tyree,')
user=User.objects.create_user(',Larsen,"','",Larsen@illinois.edu,"','",bicycle00,"', is_student=True, first_name='",Drake,"',last_name=’",Larsen,'),"user=User.objects.create_user('Larsen','Larsen@illinois.edu','bicycle00', is_student=True, first_name='Larsen', last_name='Drake')",,Larsen,"', last_name='",Drake,')
user=User.objects.create_user(',Santiago,"','",Santiago@illinois.edu,"','",bicycle00,"', is_student=True, first_name='",Steve,"',last_name=’",Santiago,'),"user=User.objects.create_user('Santiago','Santiago@illinois.edu','bicycle00', is_student=True, first_name='Santiago', last_name='Steve')",,Santiago,"', last_name='",Steve,')
user=User.objects.create_user(',Small,"','",Small@illinois.edu,"','",bicycle00,"', is_student=True, first_name='",Hugh,"',last_name=’",Small,'),"user=User.objects.create_user('Small','Small@illinois.edu','bicycle00', is_student=True, first_name='Small', last_name='Hugh')",,Small,"', last_name='",Hugh,')
user=User.objects.create_user(',Russo,"','",Russo@illinois.edu,"','",bicycle00,"', is_student=True, first_name='",Alijah,"',last_name=’",Russo,'),"user=User.objects.create_user('Russo','Russo@illinois.edu','bicycle00', is_student=True, first_name='Russo', last_name='Alijah')",,Russo,"', last_name='",Alijah,')
user=User.objects.create_user(',Diaz,"','",Diaz@illinois.edu,"','",bicycle00,"', is_student=True, first_name='",Brodie,"',last_name=’",Diaz,'),"user=User.objects.create_user('Diaz','Diaz@illinois.edu','bicycle00', is_student=True, first_name='Diaz', last_name='Brodie')",,Diaz,"', last_name='",Brodie,')
user=User.objects.create_user(',Norman,"','",Norman@illinois.edu,"','",bicycle00,"', is_student=True, first_name='",Nico,"',last_name=’",Norman,'),"user=User.objects.create_user('Norman','Norman@illinois.edu','bicycle00', is_student=True, first_name='Norman', last_name='Nico')",,Norman,"', last_name='",Nico,')
user=User.objects.create_user(',Webb,"','",Webb@illinois.edu,"','",bicycle00,"', is_student=True, first_name='",Damari,"',last_name=’",Webb,'),"user=User.objects.create_user('Webb','Webb@illinois.edu','bicycle00', is_student=True, first_name='Webb', last_name='Damari')",,Webb,"', last_name='",Damari,')
user=User.objects.create_user(',Jennings,"','",Jennings@illinois.edu,"','",bicycle00,"', is_student=True, first_name='",Dillan,"',last_name=’",Jennings,'),"user=User.objects.create_user('Jennings','Jennings@illinois.edu','bicycle00', is_student=True, first_name='Jennings', last_name='Dillan')",,Jennings,"', last_name='",Dillan,')
user=User.objects.create_user(',Rasmussen,"','",Rasmussen@illinois.edu,"','",bicycle00,"', is_student=True, first_name='",Santiago,"',last_name=’",Rasmussen,'),"user=User.objects.create_user('Rasmussen','Rasmussen@illinois.edu','bicycle00', is_student=True, first_name='Rasmussen', last_name='Santiago')",,Rasmussen,"', last_name='",Santiago,')
user=User.objects.create_user(',Fischer,"','",Fischer@illinois.edu,"','",bicycle00,"', is_student=True, first_name='",Brooks,"',last_name=’",Fischer,'),"user=User.objects.create_user('Fischer','Fischer@illinois.edu','bicycle00', is_student=True, first_name='Fischer', last_name='Brooks')",,Fischer,"', last_name='",Brooks,')
user=User.objects.create_user(',Ryan,"','",Ryan@illinois.edu,"','",bicycle00,"', is_student=True, first_name='",Nathaniel,"',last_name=’",Ryan,'),"user=User.objects.create_user('Ryan','Ryan@illinois.edu','bicycle00', is_student=True, first_name='Ryan', last_name='Nathaniel')",,Ryan,"', last_name='",Nathaniel,')
user=User.objects.create_user(',Conley,"','",Conley@illinois.edu,"','",bicycle00,"', is_student=True, first_name='",Brody,"',last_name=’",Conley,'),"user=User.objects.create_user('Conley','Conley@illinois.edu','bicycle00', is_student=True, first_name='Conley', last_name='Brody')",,Conley,"', last_name='",Brody,')
user=User.objects.create_user(',Allison,"','",Allison@illinois.edu,"','",bicycle00,"', is_student=True, first_name='",Conner,"',last_name=’",Allison,'),"user=User.objects.create_user('Allison','Allison@illinois.edu','bicycle00', is_student=True, first_name='Allison', last_name='Conner')",,Allison,"', last_name='",Conner,')
user=User.objects.create_user(',Hale,"','",Hale@illinois.edu,"','",bicycle00,"', is_student=True, first_name='",Terrell,"',last_name=’",Hale,'),"user=User.objects.create_user('Hale','Hale@illinois.edu','bicycle00', is_student=True, first_name='Hale', last_name='Terrell')",,Hale,"', last_name='",Terrell,')
user=User.objects.create_user(',Serrano,"','",Serrano@illinois.edu,"','",bicycle00,"', is_student=True, first_name='",Mike,"',last_name=’",Serrano,'),"user=User.objects.create_user('Serrano','Serrano@illinois.edu','bicycle00', is_student=True, first_name='Serrano', last_name='Mike')",,Serrano,"', last_name='",Mike,')
user=User.objects.create_user(',Ballard,"','",Ballard@illinois.edu,"','",bicycle00,"', is_student=True, first_name='",Korbin,"',last_name=’",Ballard,'),"user=User.objects.create_user('Ballard','Ballard@illinois.edu','bicycle00', is_student=True, first_name='Ballard', last_name='Korbin')",,Ballard,"', last_name='",Korbin,')
user=User.objects.create_user(',Clayton,"','",Clayton@illinois.edu,"','",bicycle00,"', is_student=True, first_name='",Peter,"',last_name=’",Clayton,'),"user=User.objects.create_user('Clayton','Clayton@illinois.edu','bicycle00', is_student=True, first_name='Clayton', last_name='Peter')",,Clayton,"', last_name='",Peter,')
user=User.objects.create_user(',Coffey,"','",Coffey@illinois.edu,"','",bicycle00,"', is_student=True, first_name='",Jaxon,"',last_name=’",Coffey,'),"user=User.objects.create_user('Coffey','Coffey@illinois.edu','bicycle00', is_student=True, first_name='Coffey', last_name='Jaxon')",,Coffey,"', last_name='",Jaxon,')
user=User.objects.create_user(',Fitzgerald,"','",Fitzgerald@illinois.edu,"','",bicycle00,"', is_student=True, first_name='",Carter,"',last_name=’",Fitzgerald,'),"user=User.objects.create_user('Fitzgerald','Fitzgerald@illinois.edu','bicycle00', is_student=True, first_name='Fitzgerald', last_name='Carter')",,Fitzgerald,"', last_name='",Carter,')
user=User.objects.create_user(',Norris,"','",Norris@illinois.edu,"','",bicycle00,"', is_student=True, first_name='",Layton,"',last_name=’",Norris,'),"user=User.objects.create_user('Norris','Norris@illinois.edu','bicycle00', is_student=True, first_name='Norris', last_name='Layton')",,Norris,"', last_name='",Layton,')
user=User.objects.create_user(',Mosley,"','",Mosley@illinois.edu,"','",bicycle00,"', is_student=True, first_name='",Brenden,"',last_name=’",Mosley,'),"user=User.objects.create_user('Mosley','Mosley@illinois.edu','bicycle00', is_student=True, first_name='Mosley', last_name='Brenden')",,Mosley,"', last_name='",Brenden,')
user=User.objects.create_user(',Choi,"','",Choi@illinois.edu,"','",bicycle00,"', is_student=True, first_name='",Dean,"',last_name=’",Choi,'),"user=User.objects.create_user('Choi','Choi@illinois.edu','bicycle00', is_student=True, first_name='Choi', last_name='Dean')",,Choi,"', last_name='",Dean,')
user=User.objects.create_user(',Carroll,"','",Carroll@illinois.edu,"','",bicycle00,"', is_student=True, first_name='",Rayan,"',last_name=’",Carroll,'),"user=User.objects.create_user('Carroll','Carroll@illinois.edu','bicycle00', is_student=True, first_name='Carroll', last_name='Rayan')",,Carroll,"', last_name='",Rayan,')
user=User.objects.create_user(',Gentry,"','",Gentry@illinois.edu,"','",bicycle00,"', is_student=True, first_name='",Francisco,"',last_name=’",Gentry,'),"user=User.objects.create_user('Gentry','Gentry@illinois.edu','bicycle00', is_student=True, first_name='Gentry', last_name='Francisco')",,Gentry,"', last_name='",Francisco,')
user=User.objects.create_user(',Hull,"','",Hull@illinois.edu,"','",bicycle00,"', is_student=True, first_name='",Yandel,"',last_name=’",Hull,'),"user=User.objects.create_user('Hull','Hull@illinois.edu','bicycle00', is_student=True, first_name='Hull', last_name='Yandel')",,Hull,"', last_name='",Yandel,')
user=User.objects.create_user(',Andersen,"','",Andersen@illinois.edu,"','",bicycle00,"', is_student=True, first_name='",Jacoby,"',last_name=’",Andersen,'),"user=User.objects.create_user('Andersen','Andersen@illinois.edu','bicycle00', is_student=True, first_name='Andersen', last_name='Jacoby')",,Andersen,"', last_name='",Jacoby,')
user=User.objects.create_user(',Shea,"','",Shea@illinois.edu,"','",bicycle00,"', is_student=True, first_name='",Aydin,"',last_name=’",Shea,'),"user=User.objects.create_user('Shea','Shea@illinois.edu','bicycle00', is_student=True, first_name='Shea', last_name='Aydin')",,Shea,"', last_name='",Aydin,')
user=User.objects.create_user(',Bennett,"','",Bennett@illinois.edu,"','",bicycle00,"', is_student=True, first_name='",Mohammad,"',last_name=’",Bennett,'),"user=User.objects.create_user('Bennett','Bennett@illinois.edu','bicycle00', is_student=True, first_name='Bennett', last_name='Mohammad')",,Bennett,"', last_name='",Mohammad,')
user=User.objects.create_user(',Velasquez,"','",Velasquez@illinois.edu,"','",bicycle00,"', is_student=True, first_name='",Vicente,"',last_name=’",Velasquez,'),"user=User.objects.create_user('Velasquez','Velasquez@illinois.edu','bicycle00', is_student=True, first_name='Velasquez', last_name='Vicente')",,Velasquez,"', last_name='",Vicente,')
user=User.objects.create_user(',Clements,"','",Clements@illinois.edu,"','",bicycle00,"', is_student=True, first_name='",Martin,"',last_name=’",Clements,'),"user=User.objects.create_user('Clements','Clements@illinois.edu','bicycle00', is_student=True, first_name='Clements', last_name='Martin')",,Clements,"', last_name='",Martin,')
user=User.objects.create_user(',Hooper,"','",Hooper@illinois.edu,"','",bicycle00,"', is_student=True, first_name='",Callum,"',last_name=’",Hooper,'),"user=User.objects.create_user('Hooper','Hooper@illinois.edu','bicycle00', is_student=True, first_name='Hooper', last_name='Callum')",,Hooper,"', last_name='",Callum,')
user=User.objects.create_user(',Schultz,"','",Schultz@illinois.edu,"','",bicycle00,"', is_student=True, first_name='",Landyn,"',last_name=’",Schultz,'),"user=User.objects.create_user('Schultz','Schultz@illinois.edu','bicycle00', is_student=True, first_name='Schultz', last_name='Landyn')",,Schultz,"', last_name='",Landyn,')
user=User.objects.create_user(',Stein,"','",Stein@illinois.edu,"','",bicycle00,"', is_student=True, first_name='",Ruben,"',last_name=’",Stein,'),"user=User.objects.create_user('Stein','Stein@illinois.edu','bicycle00', is_student=True, first_name='Stein', last_name='Ruben')",,Stein,"', last_name='",Ruben,')
user=User.objects.create_user(',Lester,"','",Lester@illinois.edu,"','",bicycle00,"', is_student=True, first_name='",Skyler,"',last_name=’",Lester,'),"user=User.objects.create_user('Lester','Lester@illinois.edu','bicycle00', is_student=True, first_name='Lester', last_name='Skyler')",,Lester,"', last_name='",Skyler,')
user=User.objects.create_user(',Wolfe,"','",Wolfe@illinois.edu,"','",bicycle00,"', is_student=True, first_name='",Tomas,"',last_name=’",Wolfe,'),"user=User.objects.create_user('Wolfe','Wolfe@illinois.edu','bicycle00', is_student=True, first_name='Wolfe', last_name='Tomas')",,Wolfe,"', last_name='",Tomas,')
user=User.objects.create_user(',Harmon,"','",Harmon@illinois.edu,"','",bicycle00,"', is_student=True, first_name='",Jaxson,"',last_name=’",Harmon,'),"user=User.objects.create_user('Harmon','Harmon@illinois.edu','bicycle00', is_student=True, first_name='Harmon', last_name='Jaxson')",,Harmon,"', last_name='",Jaxson,')
user=User.objects.create_user(',Lara,"','",Lara@illinois.edu,"','",bicycle00,"', is_student=True, first_name='",Nickolas,"',last_name=’",Lara,'),"user=User.objects.create_user('Lara','Lara@illinois.edu','bicycle00', is_student=True, first_name='Lara', last_name='Nickolas')",,Lara,"', last_name='",Nickolas,')
user=User.objects.create_user(',Moon,"','",Moon@illinois.edu,"','",bicycle00,"', is_student=True, first_name='",Jessie,"',last_name=’",Moon,'),"user=User.objects.create_user('Moon','Moon@illinois.edu','bicycle00', is_student=True, first_name='Moon', last_name='Jessie')",,Moon,"', last_name='",Jessie,')
user=User.objects.create_user(',Powers,"','",Powers@illinois.edu,"','",bicycle00,"', is_student=True, first_name='",Paul,"',last_name=’",Powers,'),"user=User.objects.create_user('Powers','Powers@illinois.edu','bicycle00', is_student=True, first_name='Powers', last_name='Paul')",,Powers,"', last_name='",Paul,')
user=User.objects.create_user(',Barrett,"','",Barrett@illinois.edu,"','",bicycle00,"', is_student=True, first_name='",Elvis,"',last_name=’",Barrett,'),"user=User.objects.create_user('Barrett','Barrett@illinois.edu','bicycle00', is_student=True, first_name='Barrett', last_name='Elvis')",,Barrett,"', last_name='",Elvis,')
user=User.objects.create_user(',Grimes,"','",Grimes@illinois.edu,"','",bicycle00,"', is_student=True, first_name='",Uriel,"',last_name=’",Grimes,'),"user=User.objects.create_user('Grimes','Grimes@illinois.edu','bicycle00', is_student=True, first_name='Grimes', last_name='Uriel')",,Grimes,"', last_name='",Uriel,')
user=User.objects.create_user(',Rogers,"','",Rogers@illinois.edu,"','",bicycle00,"', is_student=True, first_name='",Jean,"',last_name=’",Rogers,'),"user=User.objects.create_user('Rogers','Rogers@illinois.edu','bicycle00', is_student=True, first_name='Rogers', last_name='Jean')",,Rogers,"', last_name='",Jean,')
user=User.objects.create_user(',Kaiser,"','",Kaiser@illinois.edu,"','",bicycle00,"', is_student=True, first_name='",Chaz,"',last_name=’",Kaiser,'),"user=User.objects.create_user('Kaiser','Kaiser@illinois.edu','bicycle00', is_student=True, first_name='Kaiser', last_name='Chaz')",,Kaiser,"', last_name='",Chaz,')
user=User.objects.create_user(',Stephenson,"','",Stephenson@illinois.edu,"','",bicycle00,"', is_student=True, first_name='",Sterling,"',last_name=’",Stephenson,'),"user=User.objects.create_user('Stephenson','Stephenson@illinois.edu','bicycle00', is_student=True, first_name='Stephenson', last_name='Sterling')",,Stephenson,"', last_name='",Sterling,')
user=User.objects.create_user(',Mccarty,"','",Mccarty@illinois.edu,"','",bicycle00,"', is_student=True, first_name='",Roland,"',last_name=’",Mccarty,'),"user=User.objects.create_user('Mccarty','Mccarty@illinois.edu','bicycle00', is_student=True, first_name='Mccarty', last_name='Roland')",,Mccarty,"', last_name='",Roland,')
user=User.objects.create_user(',Raymond,"','",Raymond@illinois.edu,"','",bicycle00,"', is_student=True, first_name='",Tyrese,"',last_name=’",Raymond,'),"user=User.objects.create_user('Raymond','Raymond@illinois.edu','bicycle00', is_student=True, first_name='Raymond', last_name='Tyrese')",,Raymond,"', last_name='",Tyrese,')
user=User.objects.create_user(',Bentley,"','",Bentley@illinois.edu,"','",bicycle00,"', is_student=True, first_name='",Beau,"',last_name=’",Bentley,'),"user=User.objects.create_user('Bentley','Bentley@illinois.edu','bicycle00', is_student=True, first_name='Bentley', last_name='Beau')",,Bentley,"', last_name='",Beau,')
user=User.objects.create_user(',Crawford,"','",Crawford@illinois.edu,"','",bicycle00,"', is_student=True, first_name='",Maddox,"',last_name=’",Crawford,'),"user=User.objects.create_user('Crawford','Crawford@illinois.edu','bicycle00', is_student=True, first_name='Crawford', last_name='Maddox')",,Crawford,"', last_name='",Maddox,')
user=User.objects.create_user(',Richmond,"','",Richmond@illinois.edu,"','",bicycle00,"', is_student=True, first_name='",Koen,"',last_name=’",Richmond,'),"user=User.objects.create_user('Richmond','Richmond@illinois.edu','bicycle00', is_student=True, first_name='Richmond', last_name='Koen')",,Richmond,"', last_name='",Koen,')
user=User.objects.create_user(',Gaines,"','",Gaines@illinois.edu,"','",bicycle00,"', is_student=True, first_name='",Henry,"',last_name=’",Gaines,'),"user=User.objects.create_user('Gaines','Gaines@illinois.edu','bicycle00', is_student=True, first_name='Gaines', last_name='Henry')",,Gaines,"', last_name='",Henry,')
user=User.objects.create_user(',Hess,"','",Hess@illinois.edu,"','",bicycle00,"', is_student=True, first_name='",Aden,"',last_name=’",Hess,'),"user=User.objects.create_user('Hess','Hess@illinois.edu','bicycle00', is_student=True, first_name='Hess', last_name='Aden')",,Hess,"', last_name='",Aden,')
user=User.objects.create_user(',Murray,"','",Murray@illinois.edu,"','",bicycle00,"', is_student=True, first_name='",Asher,"',last_name=’",Murray,'),"user=User.objects.create_user('Murray','Murray@illinois.edu','bicycle00', is_student=True, first_name='Murray', last_name='Asher')",,Murray,"', last_name='",Asher,')
user=User.objects.create_user(',Foster,"','",Foster@illinois.edu,"','",bicycle00,"', is_student=True, first_name='",Colin,"',last_name=’",Foster,'),"user=User.objects.create_user('Foster','Foster@illinois.edu','bicycle00', is_student=True, first_name='Foster', last_name='Colin')",,Foster,"', last_name='",Colin,')
user=User.objects.create_user(',Andrews,"','",Andrews@illinois.edu,"','",bicycle00,"', is_student=True, first_name='",Richard,"',last_name=’",Andrews,'),"user=User.objects.create_user('Andrews','Andrews@illinois.edu','bicycle00', is_student=True, first_name='Andrews', last_name='Richard')",,Andrews,"', last_name='",Richard,')
user=User.objects.create_user(',Davila,"','",Davila@illinois.edu,"','",bicycle00,"', is_student=True, first_name='",Ernest,"',last_name=’",Davila,'),"user=User.objects.create_user('Davila','Davila@illinois.edu','bicycle00', is_student=True, first_name='Davila', last_name='Ernest')",,Davila,"', last_name='",Ernest,')
user=User.objects.create_user(',Conner,"','",Conner@illinois.edu,"','",bicycle00,"', is_student=True, first_name='",Romeo,"',last_name=’",Conner,'),"user=User.objects.create_user('Conner','Conner@illinois.edu','bicycle00', is_student=True, first_name='Conner', last_name='Romeo')",,Conner,"', last_name='",Romeo,')
user=User.objects.create_user(',Le,"','",Le@illinois.edu,"','",bicycle00,"', is_student=True, first_name='",Jace,"',last_name=’",Le,'),"user=User.objects.create_user('Le','Le@illinois.edu','bicycle00', is_student=True, first_name='Le', last_name='Jace')",,Le,"', last_name='",Jace,')
user=User.objects.create_user(',Warren,"','",Warren@illinois.edu,"','",bicycle00,"', is_student=True, first_name='",Mohamed,"',last_name=’",Warren,'),"user=User.objects.create_user('Warren','Warren@illinois.edu','bicycle00', is_student=True, first_name='Warren', last_name='Mohamed')",,Warren,"', last_name='",Mohamed,')
user=User.objects.create_user(',Fuller,"','",Fuller@illinois.edu,"','",bicycle00,"', is_student=True, first_name='",Cody,"',last_name=’",Fuller,'),"user=User.objects.create_user('Fuller','Fuller@illinois.edu','bicycle00', is_student=True, first_name='Fuller', last_name='Cody')",,Fuller,"', last_name='",Cody,')
user=User.objects.create_user(',Bush,"','",Bush@illinois.edu,"','",bicycle00,"', is_student=True, first_name='",Simeon,"',last_name=’",Bush,'),"user=User.objects.create_user('Bush','Bush@illinois.edu','bicycle00', is_student=True, first_name='Bush', last_name='Simeon')",,Bush,"', last_name='",Simeon,')
user=User.objects.create_user(',Blevins,"','",Blevins@illinois.edu,"','",bicycle00,"', is_student=True, first_name='",Blake,"',last_name=’",Blevins,'),"user=User.objects.create_user('Blevins','Blevins@illinois.edu','bicycle00', is_student=True, first_name='Blevins', last_name='Blake')",,Blevins,"', last_name='",Blake,')
user=User.objects.create_user(',Sutton,"','",Sutton@illinois.edu,"','",bicycle00,"', is_student=True, first_name='",Jovanny,"',last_name=’",Sutton,'),"user=User.objects.create_user('Sutton','Sutton@illinois.edu','bicycle00', is_student=True, first_name='Sutton', last_name='Jovanny')",,Sutton,"', last_name='",Jovanny,')
user=User.objects.create_user(',Nelson,"','",Nelson@illinois.edu,"','",bicycle00,"', is_student=True, first_name='",Vance,"',last_name=’",Nelson,'),"user=User.objects.create_user('Nelson','Nelson@illinois.edu','bicycle00', is_student=True, first_name='Nelson', last_name='Vance')",,Nelson,"', last_name='",Vance,')
user=User.objects.create_user(',Everett,"','",Everett@illinois.edu,"','",bicycle00,"', is_student=True, first_name='",Johan,"',last_name=’",Everett,'),"user=User.objects.create_user('Everett','Everett@illinois.edu','bicycle00', is_student=True, first_name='Everett', last_name='Johan')",,Everett,"', last_name='",Johan,')
user=User.objects.create_user(',Walters,"','",Walters@illinois.edu,"','",bicycle00,"', is_student=True, first_name='",Keegan,"',last_name=’",Walters,'),"user=User.objects.create_user('Walters','Walters@illinois.edu','bicycle00', is_student=True, first_name='Walters', last_name='Keegan')",,Walters,"', last_name='",Keegan,')
user=User.objects.create_user(',Skinner,"','",Skinner@illinois.edu,"','",bicycle00,"', is_student=True, first_name='",Demetrius,"',last_name=’",Skinner,'),"user=User.objects.create_user('Skinner','Skinner@illinois.edu','bicycle00', is_student=True, first_name='Skinner', last_name='Demetrius')",,Skinner,"', last_name='",Demetrius,')
user=User.objects.create_user(',Jacobs,"','",Jacobs@illinois.edu,"','",bicycle00,"', is_student=True, first_name='",Troy,"',last_name=’",Jacobs,'),"user=User.objects.create_user('Jacobs','Jacobs@illinois.edu','bicycle00', is_student=True, first_name='Jacobs', last_name='Troy')",,Jacobs,"', last_name='",Troy,')
user=User.objects.create_user(',Malone,"','",Malone@illinois.edu,"','",bicycle00,"', is_student=True, first_name='",Mitchell,"',last_name=’",Malone,'),"user=User.objects.create_user('Malone','Malone@illinois.edu','bicycle00', is_student=True, first_name='Malone', last_name='Mitchell')",,Malone,"', last_name='",Mitchell,')
user=User.objects.create_user(',Pitts,"','",Pitts@illinois.edu,"','",bicycle00,"', is_student=True, first_name='",Wade,"',last_name=’",Pitts,'),"user=User.objects.create_user('Pitts','Pitts@illinois.edu','bicycle00', is_student=True, first_name='Pitts', last_name='Wade')",,Pitts,"', last_name='",Wade,')
user=User.objects.create_user(',Long,"','",Long@illinois.edu,"','",bicycle00,"', is_student=True, first_name='",Immanuel,"',last_name=’",Long,'),"user=User.objects.create_user('Long','Long@illinois.edu','bicycle00', is_student=True, first_name='Long', last_name='Immanuel')",,Long,"', last_name='",Immanuel,')
user=User.objects.create_user(',Finley,"','",Finley@illinois.edu,"','",bicycle00,"', is_student=True, first_name='",Braxton,"',last_name=’",Finley,'),"user=User.objects.create_user('Finley','Finley@illinois.edu','bicycle00', is_student=True, first_name='Finley', last_name='Braxton')",,Finley,"', last_name='",Braxton,')
user=User.objects.create_user(',Krause,"','",Krause@illinois.edu,"','",bicycle00,"', is_student=True, first_name='",Dangelo,"',last_name=’",Krause,'),"user=User.objects.create_user('Krause','Krause@illinois.edu','bicycle00', is_student=True, first_name='Krause', last_name='Dangelo')",,Krause,"', last_name='",Dangelo,')
user=User.objects.create_user(',Shepard,"','",Shepard@illinois.edu,"','",bicycle00,"', is_student=True, first_name='",London,"',last_name=’",Shepard,'),"user=User.objects.create_user('Shepard','Shepard@illinois.edu','bicycle00', is_student=True, first_name='Shepard', last_name='London')",,Shepard,"', last_name='",London,')
user=User.objects.create_user(',Bowman,"','",Bowman@illinois.edu,"','",bicycle00,"', is_student=True, first_name='",Peyton,"',last_name=’",Bowman,'),"user=User.objects.create_user('Bowman','Bowman@illinois.edu','bicycle00', is_student=True, first_name='Bowman', last_name='Peyton')",,Bowman,"', last_name='",Peyton,')
user=User.objects.create_user(',Neal,"','",Neal@illinois.edu,"','",bicycle00,"', is_student=True, first_name='",Darryl,"',last_name=’",Neal,'),"user=User.objects.create_user('Neal','Neal@illinois.edu','bicycle00', is_student=True, first_name='Neal', last_name='Darryl')",,Neal,"', last_name='",Darryl,')
user=User.objects.create_user(',Grant,"','",Grant@illinois.edu,"','",bicycle00,"', is_student=True, first_name='",Terry,"',last_name=’",Grant,'),"user=User.objects.create_user('Grant','Grant@illinois.edu','bicycle00', is_student=True, first_name='Grant', last_name='Terry')",,Grant,"', last_name='",Terry,')
user=User.objects.create_user(',George,"','",George@illinois.edu,"','",bicycle00,"', is_student=True, first_name='",Tripp,"',last_name=’",George,'),"user=User.objects.create_user('George','George@illinois.edu','bicycle00', is_student=True, first_name='George', last_name='Tripp')",,George,"', last_name='",Tripp,')
user=User.objects.create_user(',Harrell,"','",Harrell@illinois.edu,"','",bicycle00,"', is_student=True, first_name='",Shane,"',last_name=’",Harrell,'),"user=User.objects.create_user('Harrell','Harrell@illinois.edu','bicycle00', is_student=True, first_name='Harrell', last_name='Shane')",,Harrell,"', last_name='",Shane,')
user=User.objects.create_user(',Weiss,"','",Weiss@illinois.edu,"','",bicycle00,"', is_student=True, first_name='",Bruce,"',last_name=’",Weiss,'),"user=User.objects.create_user('Weiss','Weiss@illinois.edu','bicycle00', is_student=True, first_name='Weiss', last_name='Bruce')",,Weiss,"', last_name='",Bruce,')
user=User.objects.create_user(',Bird,"','",Bird@illinois.edu,"','",bicycle00,"', is_student=True, first_name='",Lee,"',last_name=’",Bird,'),"user=User.objects.create_user('Bird','Bird@illinois.edu','bicycle00', is_student=True, first_name='Bird', last_name='Lee')",,Bird,"', last_name='",Lee,')
user=User.objects.create_user(',Gardner,"','",Gardner@illinois.edu,"','",bicycle00,"', is_student=True, first_name='",Graham,"',last_name=’",Gardner,'),"user=User.objects.create_user('Gardner','Gardner@illinois.edu','bicycle00', is_student=True, first_name='Gardner', last_name='Graham')",,Gardner,"', last_name='",Graham,')
user=User.objects.create_user(',Hendricks,"','",Hendricks@illinois.edu,"','",bicycle00,"', is_student=True, first_name='",Ayden,"',last_name=’",Hendricks,'),"user=User.objects.create_user('Hendricks','Hendricks@illinois.edu','bicycle00', is_student=True, first_name='Hendricks', last_name='Ayden')",,Hendricks,"', last_name='",Ayden,')
user=User.objects.create_user(',Montoya,"','",Montoya@illinois.edu,"','",bicycle00,"', is_student=True, first_name='",Asa,"',last_name=’",Montoya,'),"user=User.objects.create_user('Montoya','Montoya@illinois.edu','bicycle00', is_student=True, first_name='Montoya', last_name='Asa')",,Montoya,"', last_name='",Asa,')
user=User.objects.create_user(',Yang,"','",Yang@illinois.edu,"','",bicycle00,"', is_student=True, first_name='",Jadon,"',last_name=’",Yang,'),"user=User.objects.create_user('Yang','Yang@illinois.edu','bicycle00', is_student=True, first_name='Yang', last_name='Jadon')",,Yang,"', last_name='",Jadon,')
user=User.objects.create_user(',Sexton,"','",Sexton@illinois.edu,"','",bicycle00,"', is_student=True, first_name='",Marshall,"',last_name=’",Sexton,'),"user=User.objects.create_user('Sexton','Sexton@illinois.edu','bicycle00', is_student=True, first_name='Sexton', last_name='Marshall')",,Sexton,"', last_name='",Marshall,')
user=User.objects.create_user(',Shaw,"','",Shaw@illinois.edu,"','",bicycle00,"', is_student=True, first_name='",Tommy,"',last_name=’",Shaw,'),"user=User.objects.create_user('Shaw','Shaw@illinois.edu','bicycle00', is_student=True, first_name='Shaw', last_name='Tommy')",,Shaw,"', last_name='",Tommy,')
user=User.objects.create_user(',Bass,"','",Bass@illinois.edu,"','",bicycle00,"', is_student=True, first_name='",Zackary,"',last_name=’",Bass,'),"user=User.objects.create_user('Bass','Bass@illinois.edu','bicycle00', is_student=True, first_name='Bass', last_name='Zackary')",,Bass,"', last_name='",Zackary,')
user=User.objects.create_user(',Delacruz,"','",Delacruz@illinois.edu,"','",bicycle00,"', is_student=True, first_name='",Ezra,"',last_name=’",Delacruz,'),"user=User.objects.create_user('Delacruz','Delacruz@illinois.edu','bicycle00', is_student=True, first_name='Delacruz', last_name='Ezra')",,Delacruz,"', last_name='",Ezra,')
user=User.objects.create_user(',Tran,"','",Tran@illinois.edu,"','",bicycle00,"', is_student=True, first_name='",Devin,"',last_name=’",Tran,'),"user=User.objects.create_user('Tran','Tran@illinois.edu','bicycle00', is_student=True, first_name='Tran', last_name='Devin')",,Tran,"', last_name='",Devin,')
user=User.objects.create_user(',Melendez,"','",Melendez@illinois.edu,"','",bicycle00,"', is_student=True, first_name='",Ryann,"',last_name=’",Melendez,'),"user=User.objects.create_user('Melendez','Melendez@illinois.edu','bicycle00', is_student=True, first_name='Melendez', last_name='Ryann')",,Melendez,"', last_name='",Ryann,')
user=User.objects.create_user(',Rivers,"','",Rivers@illinois.edu,"','",bicycle00,"', is_student=True, first_name='",Leilani,"',last_name=’",Rivers,'),"user=User.objects.create_user('Rivers','Rivers@illinois.edu','bicycle00', is_student=True, first_name='Rivers', last_name='Leilani')",,Rivers,"', last_name='",Leilani,')
user=User.objects.create_user(',Brooks,"','",Brooks@illinois.edu,"','",bicycle00,"', is_student=True, first_name='",Ruth,"',last_name=’",Brooks,'),"user=User.objects.create_user('Brooks','Brooks@illinois.edu','bicycle00', is_student=True, first_name='Brooks', last_name='Ruth')",,Brooks,"', last_name='",Ruth,')
user=User.objects.create_user(',Ochoa,"','",Ochoa@illinois.edu,"','",bicycle00,"', is_student=True, first_name='",Jaylen,"',last_name=’",Ochoa,'),"user=User.objects.create_user('Ochoa','Ochoa@illinois.edu','bicycle00', is_student=True, first_name='Ochoa', last_name='Jaylen')",,Ochoa,"', last_name='",Jaylen,')
user=User.objects.create_user(',Shepherd,"','",Shepherd@illinois.edu,"','",bicycle00,"', is_student=True, first_name='",Piper,"',last_name=’",Shepherd,'),"user=User.objects.create_user('Shepherd','Shepherd@illinois.edu','bicycle00', is_student=True, first_name='Shepherd', last_name='Piper')",,Shepherd,"', last_name='",Piper,')
user=User.objects.create_user(',Gregory,"','",Gregory@illinois.edu,"','",bicycle00,"', is_student=True, first_name='",Violet,"',last_name=’",Gregory,'),"user=User.objects.create_user('Gregory','Gregory@illinois.edu','bicycle00', is_student=True, first_name='Gregory', last_name='Violet')",,Gregory,"', last_name='",Violet,')
user=User.objects.create_user(',Jones,"','",Jones@illinois.edu,"','",bicycle00,"', is_student=True, first_name='",Macie,"',last_name=’",Jones,'),"user=User.objects.create_user('Jones','Jones@illinois.edu','bicycle00', is_student=True, first_name='Jones', last_name='Macie')",,Jones,"', last_name='",Macie,')
user=User.objects.create_user(',Hurst,"','",Hurst@illinois.edu,"','",bicycle00,"', is_student=True, first_name='",Haley,"',last_name=’",Hurst,'),"user=User.objects.create_user('Hurst','Hurst@illinois.edu','bicycle00', is_student=True, first_name='Hurst', last_name='Haley')",,Hurst,"', last_name='",Haley,')
user=User.objects.create_user(',Boyd,"','",Boyd@illinois.edu,"','",bicycle00,"', is_student=True, first_name='",Jazlynn,"',last_name=’",Boyd,'),"user=User.objects.create_user('Boyd','Boyd@illinois.edu','bicycle00', is_student=True, first_name='Boyd', last_name='Jazlynn')",,Boyd,"', last_name='",Jazlynn,')
user=User.objects.create_user(',Solis,"','",Solis@illinois.edu,"','",bicycle00,"', is_student=True, first_name='",Carlee,"',last_name=’",Solis,'),"user=User.objects.create_user('Solis','Solis@illinois.edu','bicycle00', is_student=True, first_name='Solis', last_name='Carlee')",,Solis,"', last_name='",Carlee,')
user=User.objects.create_user(',Matthews,"','",Matthews@illinois.edu,"','",bicycle00,"', is_student=True, first_name='",Andrea,"',last_name=’",Matthews,'),"user=User.objects.create_user('Matthews','Matthews@illinois.edu','bicycle00', is_student=True, first_name='Matthews', last_name='Andrea')",,Matthews,"', last_name='",Andrea,')
user=User.objects.create_user(',Cordova,"','",Cordova@illinois.edu,"','",bicycle00,"', is_student=True, first_name='",Saniyah,"',last_name=’",Cordova,'),"user=User.objects.create_user('Cordova','Cordova@illinois.edu','bicycle00', is_student=True, first_name='Cordova', last_name='Saniyah')",,Cordova,"', last_name='",Saniyah,')
user=User.objects.create_user(',James,"','",James@illinois.edu,"','",bicycle00,"', is_student=True, first_name='",Sophie,"',last_name=’",James,'),"user=User.objects.create_user('James','James@illinois.edu','bicycle00', is_student=True, first_name='James', last_name='Sophie')",,James,"', last_name='",Sophie,')
user=User.objects.create_user(',Mckee,"','",Mckee@illinois.edu,"','",bicycle00,"', is_student=True, first_name='",Caitlin,"',last_name=’",Mckee,'),"user=User.objects.create_user('Mckee','Mckee@illinois.edu','bicycle00', is_student=True, first_name='Mckee', last_name='Caitlin')",,Mckee,"', last_name='",Caitlin,')
user=User.objects.create_user(',Reilly,"','",Reilly@illinois.edu,"','",bicycle00,"', is_student=True, first_name='",Daisy,"',last_name=’",Reilly,'),"user=User.objects.create_user('Reilly','Reilly@illinois.edu','bicycle00', is_student=True, first_name='Reilly', last_name='Daisy')",,Reilly,"', last_name='",Daisy,')
user=User.objects.create_user(',Reese,"','",Reese@illinois.edu,"','",bicycle00,"', is_student=True, first_name='",Kara,"',last_name=’",Reese,'),"user=User.objects.create_user('Reese','Reese@illinois.edu','bicycle00', is_student=True, first_name='Reese', last_name='Kara')",,Reese,"', last_name='",Kara,')
user=User.objects.create_user(',Abbott,"','",Abbott@illinois.edu,"','",bicycle00,"', is_student=True, first_name='",Salma,"',last_name=’",Abbott,'),"user=User.objects.create_user('Abbott','Abbott@illinois.edu','bicycle00', is_student=True, first_name='Abbott', last_name='Salma')",,Abbott,"', last_name='",Salma,')
user=User.objects.create_user(',Huff,"','",Huff@illinois.edu,"','",bicycle00,"', is_student=True, first_name='",Addison,"',last_name=’",Huff,'),"user=User.objects.create_user('Huff','Huff@illinois.edu','bicycle00', is_student=True, first_name='Huff', last_name='Addison')",,Huff,"', last_name='",Addison,')
user=User.objects.create_user(',Manning,"','",Manning@illinois.edu,"','",bicycle00,"', is_student=True, first_name='",Taliyah,"',last_name=’",Manning,'),"user=User.objects.create_user('Manning','Manning@illinois.edu','bicycle00', is_student=True, first_name='Manning', last_name='Taliyah')",,Manning,"', last_name='",Taliyah,')
user=User.objects.create_user(',Patton,"','",Patton@illinois.edu,"','",bicycle00,"', is_student=True, first_name='",Laci,"',last_name=’",Patton,'),"user=User.objects.create_user('Patton','Patton@illinois.edu','bicycle00', is_student=True, first_name='Patton', last_name='Laci')",,Patton,"', last_name='",Laci,')
user=User.objects.create_user(',Nicholson,"','",Nicholson@illinois.edu,"','",bicycle00,"', is_student=True, first_name='",Jacquelyn,"',last_name=’",Nicholson,'),"user=User.objects.create_user('Nicholson','Nicholson@illinois.edu','bicycle00', is_student=True, first_name='Nicholson', last_name='Jacquelyn')",,Nicholson,"', last_name='",Jacquelyn,')
user=User.objects.create_user(',Kelley,"','",Kelley@illinois.edu,"','",bicycle00,"', is_student=True, first_name='",Brittany,"',last_name=’",Kelley,'),"user=User.objects.create_user('Kelley','Kelley@illinois.edu','bicycle00', is_student=True, first_name='Kelley', last_name='Brittany')",,Kelley,"', last_name='",Brittany,')
user=User.objects.create_user(',Figueroa,"','",Figueroa@illinois.edu,"','",bicycle00,"', is_student=True, first_name='",Alicia,"',last_name=’",Figueroa,'),"user=User.objects.create_user('Figueroa','Figueroa@illinois.edu','bicycle00', is_student=True, first_name='Figueroa', last_name='Alicia')",,Figueroa,"', last_name='",Alicia,')
user=User.objects.create_user(',Thompson,"','",Thompson@illinois.edu,"','",bicycle00,"', is_student=True, first_name='",Scarlett,"',last_name=’",Thompson,'),"user=User.objects.create_user('Thompson','Thompson@illinois.edu','bicycle00', is_student=True, first_name='Thompson', last_name='Scarlett')",,Thompson,"', last_name='",Scarlett,')
user=User.objects.create_user(',Guerrero,"','",Guerrero@illinois.edu,"','",bicycle00,"', is_student=True, first_name='",Julia,"',last_name=’",Guerrero,'),"user=User.objects.create_user('Guerrero','Guerrero@illinois.edu','bicycle00', is_student=True, first_name='Guerrero', last_name='Julia')",,Guerrero,"', last_name='",Julia,')
user=User.objects.create_user(',Thornton,"','",Thornton@illinois.edu,"','",bicycle00,"', is_student=True, first_name='",Mylie,"',last_name=’",Thornton,'),"user=User.objects.create_user('Thornton','Thornton@illinois.edu','bicycle00', is_student=True, first_name='Thornton', last_name='Mylie')",,Thornton,"', last_name='",Mylie,')
user=User.objects.create_user(',Frazier,"','",Frazier@illinois.edu,"','",bicycle00,"', is_student=True, first_name='",Abril,"',last_name=’",Frazier,'),"user=User.objects.create_user('Frazier','Frazier@illinois.edu','bicycle00', is_student=True, first_name='Frazier', last_name='Abril')",,Frazier,"', last_name='",Abril,')
user=User.objects.create_user(',Dougherty,"','",Dougherty@illinois.edu,"','",bicycle00,"', is_student=True, first_name='",Cassidy,"',last_name=’",Dougherty,'),"user=User.objects.create_user('Dougherty','Dougherty@illinois.edu','bicycle00', is_student=True, first_name='Dougherty', last_name='Cassidy')",,Dougherty,"', last_name='",Cassidy,')
user=User.objects.create_user(',Monroe,"','",Monroe@illinois.edu,"','",bicycle00,"', is_student=True, first_name='",Alivia,"',last_name=’",Monroe,'),"user=User.objects.create_user('Monroe','Monroe@illinois.edu','bicycle00', is_student=True, first_name='Monroe', last_name='Alivia')",,Monroe,"', last_name='",Alivia,')
user=User.objects.create_user(',Welch,"','",Welch@illinois.edu,"','",bicycle00,"', is_student=True, first_name='",Maya,"',last_name=’",Welch,'),"user=User.objects.create_user('Welch','Welch@illinois.edu','bicycle00', is_student=True, first_name='Welch', last_name='Maya')",,Welch,"', last_name='",Maya,')
user=User.objects.create_user(',Montgomery,"','",Montgomery@illinois.edu,"','",bicycle00,"', is_student=True, first_name='",Marisol,"',last_name=’",Montgomery,'),"user=User.objects.create_user('Montgomery','Montgomery@illinois.edu','bicycle00', is_student=True, first_name='Montgomery', last_name='Marisol')",,Montgomery,"', last_name='",Marisol,')
user=User.objects.create_user(',Brandt,"','",Brandt@illinois.edu,"','",bicycle00,"', is_student=True, first_name='",Kiley,"',last_name=’",Brandt,'),"user=User.objects.create_user('Brandt','Brandt@illinois.edu','bicycle00', is_student=True, first_name='Brandt', last_name='Kiley')",,Brandt,"', last_name='",Kiley,')
user=User.objects.create_user(',Vaughn,"','",Vaughn@illinois.edu,"','",bicycle00,"', is_student=True, first_name='",Mollie,"',last_name=’",Vaughn,'),"user=User.objects.create_user('Vaughn','Vaughn@illinois.edu','bicycle00', is_student=True, first_name='Vaughn', last_name='Mollie')",,Vaughn,"', last_name='",Mollie,')
user=User.objects.create_user(',Cowan,"','",Cowan@illinois.edu,"','",bicycle00,"', is_student=True, first_name='",Bria,"',last_name=’",Cowan,'),"user=User.objects.create_user('Cowan','Cowan@illinois.edu','bicycle00', is_student=True, first_name='Cowan', last_name='Bria')",,Cowan,"', last_name='",Bria,')
user=User.objects.create_user(',Potter,"','",Potter@illinois.edu,"','",bicycle00,"', is_student=True, first_name='",Allyson,"',last_name=’",Potter,'),"user=User.objects.create_user('Potter','Potter@illinois.edu','bicycle00', is_student=True, first_name='Potter', last_name='Allyson')",,Potter,"', last_name='",Allyson,')
user=User.objects.create_user(',Callahan,"','",Callahan@illinois.edu,"','",bicycle00,"', is_student=True, first_name='",Yasmine,"',last_name=’",Callahan,'),"user=User.objects.create_user('Callahan','Callahan@illinois.edu','bicycle00', is_student=True, first_name='Callahan', last_name='Yasmine')",,Callahan,"', last_name='",Yasmine,')
user=User.objects.create_user(',Irwin,"','",Irwin@illinois.edu,"','",bicycle00,"', is_student=True, first_name='",Lauren,"',last_name=’",Irwin,'),"user=User.objects.create_user('Irwin','Irwin@illinois.edu','bicycle00', is_student=True, first_name='Irwin', last_name='Lauren')",,Irwin,"', last_name='",Lauren,')
user=User.objects.create_user(',Dodson,"','",Dodson@illinois.edu,"','",bicycle00,"', is_student=True, first_name='",Mercedes,"',last_name=’",Dodson,'),"user=User.objects.create_user('Dodson','Dodson@illinois.edu','bicycle00', is_student=True, first_name='Dodson', last_name='Mercedes')",,Dodson,"', last_name='",Mercedes,')
user=User.objects.create_user(',Carson,"','",Carson@illinois.edu,"','",bicycle00,"', is_student=True, first_name='",Litzy,"',last_name=’",Carson,'),"user=User.objects.create_user('Carson','Carson@illinois.edu','bicycle00', is_student=True, first_name='Carson', last_name='Litzy')",,Carson,"', last_name='",Litzy,')
user=User.objects.create_user(',Mason,"','",Mason@illinois.edu,"','",bicycle00,"', is_student=True, first_name='",Anabella,"',last_name=’",Mason,'),"user=User.objects.create_user('Mason','Mason@illinois.edu','bicycle00', is_student=True, first_name='Mason', last_name='Anabella')",,Mason,"', last_name='",Anabella,')
user=User.objects.create_user(',Murillo,"','",Murillo@illinois.edu,"','",bicycle00,"', is_student=True, first_name='",Kaelyn,"',last_name=’",Murillo,'),"user=User.objects.create_user('Murillo','Murillo@illinois.edu','bicycle00', is_student=True, first_name='Murillo', last_name='Kaelyn')",,Murillo,"', last_name='",Kaelyn,')
user=User.objects.create_user(',Burch,"','",Burch@illinois.edu,"','",bicycle00,"', is_student=True, first_name='",Mary,"',last_name=’",Burch,'),"user=User.objects.create_user('Burch','Burch@illinois.edu','bicycle00', is_student=True, first_name='Burch', last_name='Mary')",,Burch,"', last_name='",Mary,')
user=User.objects.create_user(',Donaldson,"','",Donaldson@illinois.edu,"','",bicycle00,"', is_student=True, first_name='",Lizbeth,"',last_name=’",Donaldson,'),"user=User.objects.create_user('Donaldson','Donaldson@illinois.edu','bicycle00', is_student=True, first_name='Donaldson', last_name='Lizbeth')",,Donaldson,"', last_name='",Lizbeth,')
user=User.objects.create_user(',Henderson,"','",Henderson@illinois.edu,"','",bicycle00,"', is_student=True, first_name='",Brooke,"',last_name=’",Henderson,'),"user=User.objects.create_user('Henderson','Henderson@illinois.edu','bicycle00', is_student=True, first_name='Henderson', last_name='Brooke')",,Henderson,"', last_name='",Brooke,')
user=User.objects.create_user(',Wall,"','",Wall@illinois.edu,"','",bicycle00,"', is_student=True, first_name='",Jayla,"',last_name=’",Wall,'),"user=User.objects.create_user('Wall','Wall@illinois.edu','bicycle00', is_student=True, first_name='Wall', last_name='Jayla')",,Wall,"', last_name='",Jayla,')
user=User.objects.create_user(',Tyler,"','",Tyler@illinois.edu,"','",bicycle00,"', is_student=True, first_name='",Ada,"',last_name=’",Tyler,'),"user=User.objects.create_user('Tyler','Tyler@illinois.edu','bicycle00', is_student=True, first_name='Tyler', last_name='Ada')",,Tyler,"', last_name='",Ada,')
user=User.objects.create_user(',Kemp,"','",Kemp@illinois.edu,"','",bicycle00,"', is_student=True, first_name='",Dayami,"',last_name=’",Kemp,'),"user=User.objects.create_user('Kemp','Kemp@illinois.edu','bicycle00', is_student=True, first_name='Kemp', last_name='Dayami')",,Kemp,"', last_name='",Dayami,')
user=User.objects.create_user(',Dennis,"','",Dennis@illinois.edu,"','",bicycle00,"', is_student=True, first_name='",Carly,"',last_name=’",Dennis,'),"user=User.objects.create_user('Dennis','Dennis@illinois.edu','bicycle00', is_student=True, first_name='Dennis', last_name='Carly')",,Dennis,"', last_name='",Carly,')
user=User.objects.create_user(',Krueger,"','",Krueger@illinois.edu,"','",bicycle00,"', is_student=True, first_name='",Jasmin,"',last_name=’",Krueger,'),"user=User.objects.create_user('Krueger','Krueger@illinois.edu','bicycle00', is_student=True, first_name='Krueger', last_name='Jasmin')",,Krueger,"', last_name='",Jasmin,')
user=User.objects.create_user(',Baldwin,"','",Baldwin@illinois.edu,"','",bicycle00,"', is_student=True, first_name='",Skylar,"',last_name=’",Baldwin,'),"user=User.objects.create_user('Baldwin','Baldwin@illinois.edu','bicycle00', is_student=True, first_name='Baldwin', last_name='Skylar')",,Baldwin,"', last_name='",Skylar,')
user=User.objects.create_user(',Arroyo,"','",Arroyo@illinois.edu,"','",bicycle00,"', is_student=True, first_name='",Kiara,"',last_name=’",Arroyo,'),"user=User.objects.create_user('Arroyo','Arroyo@illinois.edu','bicycle00', is_student=True, first_name='Arroyo', last_name='Kiara')",,Arroyo,"', last_name='",Kiara,')
user=User.objects.create_user(',Jensen,"','",Jensen@illinois.edu,"','",bicycle00,"', is_student=True, first_name='",Bailee,"',last_name=’",Jensen,'),"user=User.objects.create_user('Jensen','Jensen@illinois.edu','bicycle00', is_student=True, first_name='Jensen', last_name='Bailee')",,Jensen,"', last_name='",Bailee,')
user=User.objects.create_user(',Austin,"','",Austin@illinois.edu,"','",bicycle00,"', is_student=True, first_name='",Olive,"',last_name=’",Austin,'),"user=User.objects.create_user('Austin','Austin@illinois.edu','bicycle00', is_student=True, first_name='Austin', last_name='Olive')",,Austin,"', last_name='",Olive,')
user=User.objects.create_user(',Lin,"','",Lin@illinois.edu,"','",bicycle00,"', is_student=True, first_name='",Annabelle,"',last_name=’",Lin,'),"user=User.objects.create_user('Lin','Lin@illinois.edu','bicycle00', is_student=True, first_name='Lin', last_name='Annabelle')",,Lin,"', last_name='",Annabelle,')
user=User.objects.create_user(',Holland,"','",Holland@illinois.edu,"','",bicycle00,"', is_student=True, first_name='",Annika,"',last_name=’",Holland,'),"user=User.objects.create_user('Holland','Holland@illinois.edu','bicycle00', is_student=True, first_name='Holland', last_name='Annika')",,Holland,"', last_name='",Annika,')
user=User.objects.create_user(',Roach,"','",Roach@illinois.edu,"','",bicycle00,"', is_student=True, first_name='",Ayana,"',last_name=’",Roach,'),"user=User.objects.create_user('Roach','Roach@illinois.edu','bicycle00', is_student=True, first_name='Roach', last_name='Ayana')",,Roach,"', last_name='",Ayana,')
user=User.objects.create_user(',Terry,"','",Terry@illinois.edu,"','",bicycle00,"', is_student=True, first_name='",Virginia,"',last_name=’",Terry,'),"user=User.objects.create_user('Terry','Terry@illinois.edu','bicycle00', is_student=True, first_name='Terry', last_name='Virginia')",,Terry,"', last_name='",Virginia,')
user=User.objects.create_user(',Rosario,"','",Rosario@illinois.edu,"','",bicycle00,"', is_student=True, first_name='",Madilynn,"',last_name=’",Rosario,'),"user=User.objects.create_user('Rosario','Rosario@illinois.edu','bicycle00', is_student=True, first_name='Rosario', last_name='Madilynn')",,Rosario,"', last_name='",Madilynn,')
user=User.objects.create_user(',Khan,"','",Khan@illinois.edu,"','",bicycle00,"', is_student=True, first_name='",Reyna,"',last_name=’",Khan,'),"user=User.objects.create_user('Khan','Khan@illinois.edu','bicycle00', is_student=True, first_name='Khan', last_name='Reyna')",,Khan,"', last_name='",Reyna,')
user=User.objects.create_user(',Hawkins,"','",Hawkins@illinois.edu,"','",bicycle00,"', is_student=True, first_name='",Claudia,"',last_name=’",Hawkins,'),"user=User.objects.create_user('Hawkins','Hawkins@illinois.edu','bicycle00', is_student=True, first_name='Hawkins', last_name='Claudia')",,Hawkins,"', last_name='",Claudia,')
user=User.objects.create_user(',Boyle,"','",Boyle@illinois.edu,"','",bicycle00,"', is_student=True, first_name='",Layla,"',last_name=’",Boyle,'),"user=User.objects.create_user('Boyle','Boyle@illinois.edu','bicycle00', is_student=True, first_name='Boyle', last_name='Layla')",,Boyle,"', last_name='",Layla,')
user=User.objects.create_user(',Oneal,"','",Oneal@illinois.edu,"','",bicycle00,"', is_student=True, first_name='",Kaley,"',last_name=’",Oneal,'),"user=User.objects.create_user('Oneal','Oneal@illinois.edu','bicycle00', is_student=True, first_name='Oneal', last_name='Kaley')",,Oneal,"', last_name='",Kaley,')
user=User.objects.create_user(',Morris,"','",Morris@illinois.edu,"','",bicycle00,"', is_student=True, first_name='",Joslyn,"',last_name=’",Morris,'),"user=User.objects.create_user('Morris','Morris@illinois.edu','bicycle00', is_student=True, first_name='Morris', last_name='Joslyn')",,Morris,"', last_name='",Joslyn,')
user=User.objects.create_user(',Summers,"','",Summers@illinois.edu,"','",bicycle00,"', is_student=True, first_name='",Kamora,"',last_name=’",Summers,'),"user=User.objects.create_user('Summers','Summers@illinois.edu','bicycle00', is_student=True, first_name='Summers', last_name='Kamora')",,Summers,"', last_name='",Kamora,')
user=User.objects.create_user(',Dominguez,"','",Dominguez@illinois.edu,"','",bicycle00,"', is_student=True, first_name='",Luciana,"',last_name=’",Dominguez,'),"user=User.objects.create_user('Dominguez','Dominguez@illinois.edu','bicycle00', is_student=True, first_name='Dominguez', last_name='Luciana')",,Dominguez,"', last_name='",Luciana,')
user=User.objects.create_user(',Ross,"','",Ross@illinois.edu,"','",bicycle00,"', is_student=True, first_name='",Brooklynn,"',last_name=’",Ross,'),"user=User.objects.create_user('Ross','Ross@illinois.edu','bicycle00', is_student=True, first_name='Ross', last_name='Brooklynn')",,Ross,"', last_name='",Brooklynn,')
user=User.objects.create_user(',Howe,"','",Howe@illinois.edu,"','",bicycle00,"', is_student=True, first_name='",Roselyn,"',last_name=’",Howe,'),"user=User.objects.create_user('Howe','Howe@illinois.edu','bicycle00', is_student=True, first_name='Howe', last_name='Roselyn')",,Howe,"', last_name='",Roselyn,')
user=User.objects.create_user(',Mann,"','",Mann@illinois.edu,"','",bicycle00,"', is_student=True, first_name='",Ariana,"',last_name=’",Mann,'),"user=User.objects.create_user('Mann','Mann@illinois.edu','bicycle00', is_student=True, first_name='Mann', last_name='Ariana')",,Mann,"', last_name='",Ariana,')
user=User.objects.create_user(',Powell,"','",Powell@illinois.edu,"','",bicycle00,"', is_student=True, first_name='",Avery,"',last_name=’",Powell,'),"user=User.objects.create_user('Powell','Powell@illinois.edu','bicycle00', is_student=True, first_name='Powell', last_name='Avery')",,Powell,"', last_name='",Avery,')
user=User.objects.create_user(',Vaughan,"','",Vaughan@illinois.edu,"','",bicycle00,"', is_student=True, first_name='",Bridget,"',last_name=’",Vaughan,'),"user=User.objects.create_user('Vaughan','Vaughan@illinois.edu','bicycle00', is_student=True, first_name='Vaughan', last_name='Bridget')",,Vaughan,"', last_name='",Bridget,')
user=User.objects.create_user(',Best,"','",Best@illinois.edu,"','",bicycle00,"', is_student=True, first_name='",Jayda,"',last_name=’",Best,'),"user=User.objects.create_user('Best','Best@illinois.edu','bicycle00', is_student=True, first_name='Best', last_name='Jayda')",,Best,"', last_name='",Jayda,')
user=User.objects.create_user(',Cooley,"','",Cooley@illinois.edu,"','",bicycle00,"', is_student=True, first_name='",Isabelle,"',last_name=’",Cooley,'),"user=User.objects.create_user('Cooley','Cooley@illinois.edu','bicycle00', is_student=True, first_name='Cooley', last_name='Isabelle')",,Cooley,"', last_name='",Isabelle,')
user=User.objects.create_user(',Rice,"','",Rice@illinois.edu,"','",bicycle00,"', is_student=True, first_name='",Jasmine,"',last_name=’",Rice,'),"user=User.objects.create_user('Rice','Rice@illinois.edu','bicycle00', is_student=True, first_name='Rice', last_name='Jasmine')",,Rice,"', last_name='",Jasmine,')
user=User.objects.create_user(',Goodman,"','",Goodman@illinois.edu,"','",bicycle00,"', is_student=True, first_name='",Nia,"',last_name=’",Goodman,'),"user=User.objects.create_user('Goodman','Goodman@illinois.edu','bicycle00', is_student=True, first_name='Goodman', last_name='Nia')",,Goodman,"', last_name='",Nia,')
user=User.objects.create_user(',Velez,"','",Velez@illinois.edu,"','",bicycle00,"', is_student=True, first_name='",Genesis,"',last_name=’",Velez,'),"user=User.objects.create_user('Velez','Velez@illinois.edu','bicycle00', is_student=True, first_name='Velez', last_name='Genesis')",,Velez,"', last_name='",Genesis,')
user=User.objects.create_user(',Gates,"','",Gates@illinois.edu,"','",bicycle00,"', is_student=True, first_name='",Amber,"',last_name=’",Gates,'),"user=User.objects.create_user('Gates','Gates@illinois.edu','bicycle00', is_student=True, first_name='Gates', last_name='Amber')",,Gates,"', last_name='",Amber,')
user=User.objects.create_user(',Madden,"','",Madden@illinois.edu,"','",bicycle00,"', is_student=True, first_name='",Maritza,"',last_name=’",Madden,'),"user=User.objects.create_user('Madden','Madden@illinois.edu','bicycle00', is_student=True, first_name='Madden', last_name='Maritza')",,Madden,"', last_name='",Maritza,')
user=User.objects.create_user(',Haynes,"','",Haynes@illinois.edu,"','",bicycle00,"', is_student=True, first_name='",Jazlene,"',last_name=’",Haynes,'),"user=User.objects.create_user('Haynes','Haynes@illinois.edu','bicycle00', is_student=True, first_name='Haynes', last_name='Jazlene')",,Haynes,"', last_name='",Jazlene,')
user=User.objects.create_user(',Sanders,"','",Sanders@illinois.edu,"','",bicycle00,"', is_student=True, first_name='",Kiera,"',last_name=’",Sanders,'),"user=User.objects.create_user('Sanders','Sanders@illinois.edu','bicycle00', is_student=True, first_name='Sanders', last_name='Kiera')",,Sanders,"', last_name='",Kiera,')
user=User.objects.create_user(',Dixon,"','",Dixon@illinois.edu,"','",bicycle00,"', is_student=True, first_name='",Kaylah,"',last_name=’",Dixon,'),"user=User.objects.create_user('Dixon','Dixon@illinois.edu','bicycle00', is_student=True, first_name='Dixon', last_name='Kaylah')",,Dixon,"', last_name='",Kaylah,')
user=User.objects.create_user(',Briggs,"','",Briggs@illinois.edu,"','",bicycle00,"', is_student=True, first_name='",Itzel,"',last_name=’",Briggs,'),"user=User.objects.create_user('Briggs','Briggs@illinois.edu','bicycle00', is_student=True, first_name='Briggs', last_name='Itzel')",,Briggs,"', last_name='",Itzel,')
user=User.objects.create_user(',Wilkerson,"','",Wilkerson@illinois.edu,"','",bicycle00,"', is_student=True, first_name='",Charity,"',last_name=’",Wilkerson,'),"user=User.objects.create_user('Wilkerson','Wilkerson@illinois.edu','bicycle00', is_student=True, first_name='Wilkerson', last_name='Charity')",,Wilkerson,"', last_name='",Charity,')
user=User.objects.create_user(',Brock,"','",Brock@illinois.edu,"','",bicycle00,"', is_student=True, first_name='",Monserrat,"',last_name=’",Brock,'),"user=User.objects.create_user('Brock','Brock@illinois.edu','bicycle00', is_student=True, first_name='Brock', last_name='Monserrat')",,Brock,"', last_name='",Monserrat,')
user=User.objects.create_user(',Key,"','",Key@illinois.edu,"','",bicycle00,"', is_student=True, first_name='",Dayana,"',last_name=’",Key,'),"user=User.objects.create_user('Key','Key@illinois.edu','bicycle00', is_student=True, first_name='Key', last_name='Dayana')",,Key,"', last_name='",Dayana,')
user=User.objects.create_user(',Barron,"','",Barron@illinois.edu,"','",bicycle00,"', is_student=True, first_name='",Gabrielle,"',last_name=’",Barron,'),"user=User.objects.create_user('Barron','Barron@illinois.edu','bicycle00', is_student=True, first_name='Barron', last_name='Gabrielle')",,Barron,"', last_name='",Gabrielle,')
user=User.objects.create_user(',Whitaker,"','",Whitaker@illinois.edu,"','",bicycle00,"', is_student=True, first_name='",Lena,"',last_name=’",Whitaker,'),"user=User.objects.create_user('Whitaker','Whitaker@illinois.edu','bicycle00', is_student=True, first_name='Whitaker', last_name='Lena')",,Whitaker,"', last_name='",Lena,')
user=User.objects.create_user(',Harrison,"','",Harrison@illinois.edu,"','",bicycle00,"', is_student=True, first_name='",Helen,"',last_name=’",Harrison,'),"user=User.objects.create_user('Harrison','Harrison@illinois.edu','bicycle00', is_student=True, first_name='Harrison', last_name='Helen')",,Harrison,"', last_name='",Helen,')
user=User.objects.create_user(',Carpenter,"','",Carpenter@illinois.edu,"','",bicycle00,"', is_student=True, first_name='",Damaris,"',last_name=’",Carpenter,'),"user=User.objects.create_user('Carpenter','Carpenter@illinois.edu','bicycle00', is_student=True, first_name='Carpenter', last_name='Damaris')",,Carpenter,"', last_name='",Damaris,')
user=User.objects.create_user(',Espinoza,"','",Espinoza@illinois.edu,"','",bicycle00,"', is_student=True, first_name='",Lacey,"',last_name=’",Espinoza,'),"user=User.objects.create_user('Espinoza','Espinoza@illinois.edu','bicycle00', is_student=True, first_name='Espinoza', last_name='Lacey')",,Espinoza,"', last_name='",Lacey,')
user=User.objects.create_user(',Fernandez,"','",Fernandez@illinois.edu,"','",bicycle00,"', is_student=True, first_name='",Daniella,"',last_name=’",Fernandez,'),"user=User.objects.create_user('Fernandez','Fernandez@illinois.edu','bicycle00', is_student=True, first_name='Fernandez', last_name='Daniella')",,Fernandez,"', last_name='",Daniella,')
user=User.objects.create_user(',Vargas,"','",Vargas@illinois.edu,"','",bicycle00,"', is_student=True, first_name='",Giovanna,"',last_name=’",Vargas,'),"user=User.objects.create_user('Vargas','Vargas@illinois.edu','bicycle00', is_student=True, first_name='Vargas', last_name='Giovanna')",,Vargas,"', last_name='",Giovanna,')
user=User.objects.create_user(',Perez,"','",Perez@illinois.edu,"','",bicycle00,"', is_student=True, first_name='",Ann,"',last_name=’",Perez,'),"user=User.objects.create_user('Perez','Perez@illinois.edu','bicycle00', is_student=True, first_name='Perez', last_name='Ann')",,Perez,"', last_name='",Ann,')
user=User.objects.create_user(',Lawson,"','",Lawson@illinois.edu,"','",bicycle00,"', is_student=True, first_name='",Marissa,"',last_name=’",Lawson,'),"user=User.objects.create_user('Lawson','Lawson@illinois.edu','bicycle00', is_student=True, first_name='Lawson', last_name='Marissa')",,Lawson,"', last_name='",Marissa,')
user=User.objects.create_user(',David,"','",David@illinois.edu,"','",bicycle00,"', is_student=True, first_name='",Camryn,"',last_name=’",David,'),"user=User.objects.create_user('David','David@illinois.edu','bicycle00', is_student=True, first_name='David', last_name='Camryn')",,David,"', last_name='",Camryn,')
user=User.objects.create_user(',Williamson,"','",Williamson@illinois.edu,"','",bicycle00,"', is_student=True, first_name='",Jimena,"',last_name=’",Williamson,'),"user=User.objects.create_user('Williamson','Williamson@illinois.edu','bicycle00', is_student=True, first_name='Williamson', last_name='Jimena')",,Williamson,"', last_name='",Jimena,')
user=User.objects.create_user(',Blankenship,"','",Blankenship@illinois.edu,"','",bicycle00,"', is_student=True, first_name='",Areli,"',last_name=’",Blankenship,'),"user=User.objects.create_user('Blankenship','Blankenship@illinois.edu','bicycle00', is_student=True, first_name='Blankenship', last_name='Areli')",,Blankenship,"', last_name='",Areli,')
user=User.objects.create_user(',Burnett,"','",Burnett@illinois.edu,"','",bicycle00,"', is_student=True, first_name='",Mckayla,"',last_name=’",Burnett,'),"user=User.objects.create_user('Burnett','Burnett@illinois.edu','bicycle00', is_student=True, first_name='Burnett', last_name='Mckayla')",,Burnett,"', last_name='",Mckayla,')
user=User.objects.create_user(',Gill,"','",Gill@illinois.edu,"','",bicycle00,"', is_student=True, first_name='",Mattie,"',last_name=’",Gill,'),"user=User.objects.create_user('Gill','Gill@illinois.edu','bicycle00', is_student=True, first_name='Gill', last_name='Mattie')",,Gill,"', last_name='",Mattie,')
user=User.objects.create_user(',Marsh,"','",Marsh@illinois.edu,"','",bicycle00,"', is_student=True, first_name='",Paityn,"',last_name=’",Marsh,'),"user=User.objects.create_user('Marsh','Marsh@illinois.edu','bicycle00', is_student=True, first_name='Marsh', last_name='Paityn')",,Marsh,"', last_name='",Paityn,')
user=User.objects.create_user(',Wolf,"','",Wolf@illinois.edu,"','",bicycle00,"', is_student=True, first_name='",Alana,"',last_name=’",Wolf,'),"user=User.objects.create_user('Wolf','Wolf@illinois.edu','bicycle00', is_student=True, first_name='Wolf', last_name='Alana')",,Wolf,"', last_name='",Alana,')
user=User.objects.create_user(',Massey,"','",Massey@illinois.edu,"','",bicycle00,"', is_student=True, first_name='",Kaylen,"',last_name=’",Massey,'),"user=User.objects.create_user('Massey','Massey@illinois.edu','bicycle00', is_student=True, first_name='Massey', last_name='Kaylen')",,Massey,"', last_name='",Kaylen,')
user=User.objects.create_user(',Horne,"','",Horne@illinois.edu,"','",bicycle00,"', is_student=True, first_name='",Jillian,"',last_name=’",Horne,'),"user=User.objects.create_user('Horne','Horne@illinois.edu','bicycle00', is_student=True, first_name='Horne', last_name='Jillian')",,Horne,"', last_name='",Jillian,')
user=User.objects.create_user(',Kelly,"','",Kelly@illinois.edu,"','",bicycle00,"', is_student=True, first_name='",Patience,"',last_name=’",Kelly,'),"user=User.objects.create_user('Kelly','Kelly@illinois.edu','bicycle00', is_student=True, first_name='Kelly', last_name='Patience')",,Kelly,"', last_name='",Patience,')
user=User.objects.create_user(',Oconnell,"','",Oconnell@illinois.edu,"','",bicycle00,"', is_student=True, first_name='",Taniyah,"',last_name=’",Oconnell,'),"user=User.objects.create_user('Oconnell','Oconnell@illinois.edu','bicycle00', is_student=True, first_name='Oconnell', last_name='Taniyah')",,Oconnell,"', last_name='",Taniyah,')
user=User.objects.create_user(',Lane,"','",Lane@illinois.edu,"','",bicycle00,"', is_student=True, first_name='",Annabel,"',last_name=’",Lane,'),"user=User.objects.create_user('Lane','Lane@illinois.edu','bicycle00', is_student=True, first_name='Lane', last_name='Annabel')",,Lane,"', last_name='",Annabel,')
user=User.objects.create_user(',Villa,"','",Villa@illinois.edu,"','",bicycle00,"', is_student=True, first_name='",Kamari,"',last_name=’",Villa,'),"user=User.objects.create_user('Villa','Villa@illinois.edu','bicycle00', is_student=True, first_name='Villa', last_name='Kamari')",,Villa,"', last_name='",Kamari,')
user=User.objects.create_user(',Schneider,"','",Schneider@illinois.edu,"','",bicycle00,"', is_student=True, first_name='",Rubi,"',last_name=’",Schneider,'),"user=User.objects.create_user('Schneider','Schneider@illinois.edu','bicycle00', is_student=True, first_name='Schneider', last_name='Rubi')",,Schneider,"', last_name='",Rubi,')
user=User.objects.create_user(',Watts,"','",Watts@illinois.edu,"','",bicycle00,"', is_student=True, first_name='",Kaleigh,"',last_name=’",Watts,'),"user=User.objects.create_user('Watts','Watts@illinois.edu','bicycle00', is_student=True, first_name='Watts', last_name='Kaleigh')",,Watts,"', last_name='",Kaleigh,')
user=User.objects.create_user(',Duffy,"','",Duffy@illinois.edu,"','",bicycle00,"', is_student=True, first_name='",Evelyn,"',last_name=’",Duffy,'),"user=User.objects.create_user('Duffy','Duffy@illinois.edu','bicycle00', is_student=True, first_name='Duffy', last_name='Evelyn')",,Duffy,"', last_name='",Evelyn,')
user=User.objects.create_user(',Joyce,"','",Joyce@illinois.edu,"','",bicycle00,"', is_student=True, first_name='",Milagros,"',last_name=’",Joyce,'),"user=User.objects.create_user('Joyce','Joyce@illinois.edu','bicycle00', is_student=True, first_name='Joyce', last_name='Milagros')",,Joyce,"', last_name='",Milagros,')
user=User.objects.create_user(',Gilmore,"','",Gilmore@illinois.edu,"','",bicycle00,"', is_student=True, first_name='",Janiyah,"',last_name=’",Gilmore,'),"user=User.objects.create_user('Gilmore','Gilmore@illinois.edu','bicycle00', is_student=True, first_name='Gilmore', last_name='Janiyah')",,Gilmore,"', last_name='",Janiyah,')
user=User.objects.create_user(',Ruiz,"','",Ruiz@illinois.edu,"','",bicycle00,"', is_student=True, first_name='",Yadira,"',last_name=’",Ruiz,'),"user=User.objects.create_user('Ruiz','Ruiz@illinois.edu','bicycle00', is_student=True, first_name='Ruiz', last_name='Yadira')",,Ruiz,"', last_name='",Yadira,')
user=User.objects.create_user(',Ibarra,"','",Ibarra@illinois.edu,"','",bicycle00,"', is_student=True, first_name='",Jaslyn,"',last_name=’",Ibarra,'),"user=User.objects.create_user('Ibarra','Ibarra@illinois.edu','bicycle00', is_student=True, first_name='Ibarra', last_name='Jaslyn')",,Ibarra,"', last_name='",Jaslyn,')
user=User.objects.create_user(',Wagner,"','",Wagner@illinois.edu,"','",bicycle00,"', is_student=True, first_name='",Taylor,"',last_name=’",Wagner,'),"user=User.objects.create_user('Wagner','Wagner@illinois.edu','bicycle00', is_student=True, first_name='Wagner', last_name='Taylor')",,Wagner,"', last_name='",Taylor,')
user=User.objects.create_user(',Calderon,"','",Calderon@illinois.edu,"','",bicycle00,"', is_student=True, first_name='",Hallie,"',last_name=’",Calderon,'),"user=User.objects.create_user('Calderon','Calderon@illinois.edu','bicycle00', is_student=True, first_name='Calderon', last_name='Hallie')",,Calderon,"', last_name='",Hallie,')
user=User.objects.create_user(',Galvan,"','",Galvan@illinois.edu,"','",bicycle00,"', is_student=True, first_name='",Daphne,"',last_name=’",Galvan,'),"user=User.objects.create_user('Galvan','Galvan@illinois.edu','bicycle00', is_student=True, first_name='Galvan', last_name='Daphne')",,Galvan,"', last_name='",Daphne,')
user=User.objects.create_user(',Barton,"','",Barton@illinois.edu,"','",bicycle00,"', is_student=True, first_name='",Sanai,"',last_name=’",Barton,'),"user=User.objects.create_user('Barton','Barton@illinois.edu','bicycle00', is_student=True, first_name='Barton', last_name='Sanai')",,Barton,"', last_name='",Sanai,')
user=User.objects.create_user(',Hahn,"','",Hahn@illinois.edu,"','",bicycle00,"', is_student=True, first_name='",Jane,"',last_name=’",Hahn,'),"user=User.objects.create_user('Hahn','Hahn@illinois.edu','bicycle00', is_student=True, first_name='Hahn', last_name='Jane')",,Hahn,"', last_name='",Jane,')
user=User.objects.create_user(',Kramer,"','",Kramer@illinois.edu,"','",bicycle00,"', is_student=True, first_name='",Annabella,"',last_name=’",Kramer,'),"user=User.objects.create_user('Kramer','Kramer@illinois.edu','bicycle00', is_student=True, first_name='Kramer', last_name='Annabella')",,Kramer,"', last_name='",Annabella,')
user=User.objects.create_user(',Peterson,"','",Peterson@illinois.edu,"','",bicycle00,"', is_student=True, first_name='",Tessa,"',last_name=’",Peterson,'),"user=User.objects.create_user('Peterson','Peterson@illinois.edu','bicycle00', is_student=True, first_name='Peterson', last_name='Tessa')",,Peterson,"', last_name='",Tessa,')
user=User.objects.create_user(',Sellers,"','",Sellers@illinois.edu,"','",bicycle00,"', is_student=True, first_name='",Margaret,"',last_name=’",Sellers,'),"user=User.objects.create_user('Sellers','Sellers@illinois.edu','bicycle00', is_student=True, first_name='Sellers', last_name='Margaret')",,Sellers,"', last_name='",Margaret,')
user=User.objects.create_user(',Carey,"','",Carey@illinois.edu,"','",bicycle00,"', is_student=True, first_name='",Mya,"',last_name=’",Carey,'),"user=User.objects.create_user('Carey','Carey@illinois.edu','bicycle00', is_student=True, first_name='Carey', last_name='Mya')",,Carey,"', last_name='",Mya,')
user=User.objects.create_user(',Ponce,"','",Ponce@illinois.edu,"','",bicycle00,"', is_student=True, first_name='",Shyla,"',last_name=’",Ponce,'),"user=User.objects.create_user('Ponce','Ponce@illinois.edu','bicycle00', is_student=True, first_name='Ponce', last_name='Shyla')",,Ponce,"', last_name='",Shyla,')
user=User.objects.create_user(',Waters,"','",Waters@illinois.edu,"','",bicycle00,"', is_student=True, first_name='",Kelly,"',last_name=’",Waters,'),"user=User.objects.create_user('Waters','Waters@illinois.edu','bicycle00', is_student=True, first_name='Waters', last_name='Kelly')",,Waters,"', last_name='",Kelly,')
user=User.objects.create_user(',Gamble,"','",Gamble@illinois.edu,"','",bicycle00,"', is_student=True, first_name='",Lia,"',last_name=’",Gamble,'),"user=User.objects.create_user('Gamble','Gamble@illinois.edu','bicycle00', is_student=True, first_name='Gamble', last_name='Lia')",,Gamble,"', last_name='",Lia,')
user=User.objects.create_user(',Higgins,"','",Higgins@illinois.edu,"','",bicycle00,"', is_student=True, first_name='",Kaila,"',last_name=’",Higgins,'),"user=User.objects.create_user('Higgins','Higgins@illinois.edu','bicycle00', is_student=True, first_name='Higgins', last_name='Kaila')",,Higgins,"', last_name='",Kaila,')
user=User.objects.create_user(',Spears,"','",Spears@illinois.edu,"','",bicycle00,"', is_student=True, first_name='",Alexa,"',last_name=’",Spears,'),"user=User.objects.create_user('Spears','Spears@illinois.edu','bicycle00', is_student=True, first_name='Spears', last_name='Alexa')",,Spears,"', last_name='",Alexa,')
user=User.objects.create_user(',Zimmerman,"','",Zimmerman@illinois.edu,"','",bicycle00,"', is_student=True, first_name='",Christine,"',last_name=’",Zimmerman,'),"user=User.objects.create_user('Zimmerman','Zimmerman@illinois.edu','bicycle00', is_student=True, first_name='Zimmerman', last_name='Christine')",,Zimmerman,"', last_name='",Christine,')
user=User.objects.create_user(',Hoffman,"','",Hoffman@illinois.edu,"','",bicycle00,"', is_student=True, first_name='",Nancy,"',last_name=’",Hoffman,'),"user=User.objects.create_user('Hoffman','Hoffman@illinois.edu','bicycle00', is_student=True, first_name='Hoffman', last_name='Nancy')",,Hoffman,"', last_name='",Nancy,')
user=User.objects.create_user(',Bridges,"','",Bridges@illinois.edu,"','",bicycle00,"', is_student=True, first_name='",Leila,"',last_name=’",Bridges,'),"user=User.objects.create_user('Bridges','Bridges@illinois.edu','bicycle00', is_student=True, first_name='Bridges', last_name='Leila')",,Bridges,"', last_name='",Leila,')
user=User.objects.create_user(',Trujillo,"','",Trujillo@illinois.edu,"','",bicycle00,"', is_student=True, first_name='",Lana,"',last_name=’",Trujillo,'),"user=User.objects.create_user('Trujillo','Trujillo@illinois.edu','bicycle00', is_student=True, first_name='Trujillo', last_name='Lana')",,Trujillo,"', last_name='",Lana,')
user=User.objects.create_user(',Holden,"','",Holden@illinois.edu,"','",bicycle00,"', is_student=True, first_name='",Cierra,"',last_name=’",Holden,'),"user=User.objects.create_user('Holden','Holden@illinois.edu','bicycle00', is_student=True, first_name='Holden', last_name='Cierra')",,Holden,"', last_name='",Cierra,')
user=User.objects.create_user(',Friedman,"','",Friedman@illinois.edu,"','",bicycle00,"', is_student=True, first_name='",Miracle,"',last_name=’",Friedman,'),"user=User.objects.create_user('Friedman','Friedman@illinois.edu','bicycle00', is_student=True, first_name='Friedman', last_name='Miracle')",,Friedman,"', last_name='",Miracle,')
user=User.objects.create_user(',Sanford,"','",Sanford@illinois.edu,"','",bicycle00,"', is_student=True, first_name='",Charlee,"',last_name=’",Sanford,'),"user=User.objects.create_user('Sanford','Sanford@illinois.edu','bicycle00', is_student=True, first_name='Sanford', last_name='Charlee')",,Sanford,"', last_name='",Charlee,')
user=User.objects.create_user(',Murphy,"','",Murphy@illinois.edu,"','",bicycle00,"', is_student=True, first_name='",Valeria,"',last_name=’",Murphy,'),"user=User.objects.create_user('Murphy','Murphy@illinois.edu','bicycle00', is_student=True, first_name='Murphy', last_name='Valeria')",,Murphy,"', last_name='",Valeria,')
user=User.objects.create_user(',Orozco,"','",Orozco@illinois.edu,"','",bicycle00,"', is_student=True, first_name='",Reina,"',last_name=’",Orozco,'),"user=User.objects.create_user('Orozco','Orozco@illinois.edu','bicycle00', is_student=True, first_name='Orozco', last_name='Reina')",,Orozco,"', last_name='",Reina,')
user=User.objects.create_user(',Kidd,"','",Kidd@illinois.edu,"','",bicycle00,"', is_student=True, first_name='",Lilyana,"',last_name=’",Kidd,'),"user=User.objects.create_user('Kidd','Kidd@illinois.edu','bicycle00', is_student=True, first_name='Kidd', last_name='Lilyana')",,Kidd,"', last_name='",Lilyana,')
user=User.objects.create_user(',Green,"','",Green@illinois.edu,"','",bicycle00,"', is_student=True, first_name='",Annalise,"',last_name=’",Green,'),"user=User.objects.create_user('Green','Green@illinois.edu','bicycle00', is_student=True, first_name='Green', last_name='Annalise')",,Green,"', last_name='",Annalise,')
user=User.objects.create_user(',Stanley,"','",Stanley@illinois.edu,"','",bicycle00,"', is_student=True, first_name='",Madilyn,"',last_name=’",Stanley,'),"user=User.objects.create_user('Stanley','Stanley@illinois.edu','bicycle00', is_student=True, first_name='Stanley', last_name='Madilyn')",,Stanley,"', last_name='",Madilyn,')
user=User.objects.create_user(',Conrad,"','",Conrad@illinois.edu,"','",bicycle00,"', is_student=True, first_name='",Hayden,"',last_name=’",Conrad,'),"user=User.objects.create_user('Conrad','Conrad@illinois.edu','bicycle00', is_student=True, first_name='Conrad', last_name='Hayden')",,Conrad,"', last_name='",Hayden,')
user=User.objects.create_user(',Mccann,"','",Mccann@illinois.edu,"','",bicycle00,"', is_student=True, first_name='",Kaylie,"',last_name=’",Mccann,'),"user=User.objects.create_user('Mccann','Mccann@illinois.edu','bicycle00', is_student=True, first_name='Mccann', last_name='Kaylie')",,Mccann,"', last_name='",Kaylie,')
user=User.objects.create_user(',Knight,"','",Knight@illinois.edu,"','",bicycle00,"', is_student=True, first_name='",Laylah,"',last_name=’",Knight,'),"user=User.objects.create_user('Knight','Knight@illinois.edu','bicycle00', is_student=True, first_name='Knight', last_name='Laylah')",,Knight,"', last_name='",Laylah,')
user=User.objects.create_user(',Wong,"','",Wong@illinois.edu,"','",bicycle00,"', is_student=True, first_name='",Tia,"',last_name=’",Wong,'),"user=User.objects.create_user('Wong','Wong@illinois.edu','bicycle00', is_student=True, first_name='Wong', last_name='Tia')",,Wong,"', last_name='",Tia,')
user=User.objects.create_user(',Cisneros,"','",Cisneros@illinois.edu,"','",bicycle00,"', is_student=True, first_name='",Natalie,"',last_name=’",Cisneros,'),"user=User.objects.create_user('Cisneros','Cisneros@illinois.edu','bicycle00', is_student=True, first_name='Cisneros', last_name='Natalie')",,Cisneros,"', last_name='",Natalie,')
user=User.objects.create_user(',Miller,"','",Miller@illinois.edu,"','",bicycle00,"', is_student=True, first_name='",Courtney,"',last_name=’",Miller,'),"user=User.objects.create_user('Miller','Miller@illinois.edu','bicycle00', is_student=True, first_name='Miller', last_name='Courtney')",,Miller,"', last_name='",Courtney,')
user=User.objects.create_user(',Mcintosh,"','",Mcintosh@illinois.edu,"','",bicycle00,"', is_student=True, first_name='",Isabela,"',last_name=’",Mcintosh,'),"user=User.objects.create_user('Mcintosh','Mcintosh@illinois.edu','bicycle00', is_student=True, first_name='Mcintosh', last_name='Isabela')",,Mcintosh,"', last_name='",Isabela,')
user=User.objects.create_user(',Archer,"','",Archer@illinois.edu,"','",bicycle00,"', is_student=True, first_name='",Kaya,"',last_name=’",Archer,'),"user=User.objects.create_user('Archer','Archer@illinois.edu','bicycle00', is_student=True, first_name='Archer', last_name='Kaya')",,Archer,"', last_name='",Kaya,')
user=User.objects.create_user(',Rios,"','",Rios@illinois.edu,"','",bicycle00,"', is_student=True, first_name='",Jakayla,"',last_name=’",Rios,'),"user=User.objects.create_user('Rios','Rios@illinois.edu','bicycle00', is_student=True, first_name='Rios', last_name='Jakayla')",,Rios,"', last_name='",Jakayla,')
user=User.objects.create_user(',Walls,"','",Walls@illinois.edu,"','",bicycle00,"', is_student=True, first_name='",Livia,"',last_name=’",Walls,'),"user=User.objects.create_user('Walls','Walls@illinois.edu','bicycle00', is_student=True, first_name='Walls', last_name='Livia')",,Walls,"', last_name='",Livia,')
user=User.objects.create_user(',Hodges,"','",Hodges@illinois.edu,"','",bicycle00,"', is_student=True, first_name='",Evie,"',last_name=’",Hodges,'),"user=User.objects.create_user('Hodges','Hodges@illinois.edu','bicycle00', is_student=True, first_name='Hodges', last_name='Evie')",,Hodges,"', last_name='",Evie,')
