user=User.objects.create_user(username=’,Beck,"',email=’",Beck@illinois.edu,"',password=’",bicycle00,"', is_student=True, first_name=’",Marquis,"',last_name=’",Beck,')
user=User.objects.create_user(username=’,Brady,"',email=’",Brady@illinois.edu,"',password=’",bicycle00,"', is_student=True, first_name=’",Chace,"',last_name=’",Brady,')
user=User.objects.create_user(username=’,Avery,"',email=’",Avery@illinois.edu,"',password=’",bicycle00,"', is_student=True, first_name=’",Tobias,"',last_name=’",Avery,')
user=User.objects.create_user(username=’,Fitzpatrick,"',email=’",Fitzpatrick@illinois.edu,"',password=’",bicycle00,"', is_student=True, first_name=’",Kane,"',last_name=’",Fitzpatrick,')
user=User.objects.create_user(username=’,Gibbs,"',email=’",Gibbs@illinois.edu,"',password=’",bicycle00,"', is_student=True, first_name=’",Bronson,"',last_name=’",Gibbs,')
user=User.objects.create_user(username=’,White,"',email=’",White@illinois.edu,"',password=’",bicycle00,"', is_student=True, first_name=’",Calvin,"',last_name=’",White,')
user=User.objects.create_user(username=’,Becker,"',email=’",Becker@illinois.edu,"',password=’",bicycle00,"', is_student=True, first_name=’",Luke,"',last_name=’",Becker,')
user=User.objects.create_user(username=’,Watson,"',email=’",Watson@illinois.edu,"',password=’",bicycle00,"', is_student=True, first_name=’",Jaden,"',last_name=’",Watson,')
user=User.objects.create_user(username=’,Villarreal,"',email=’",Villarreal@illinois.edu,"',password=’",bicycle00,"', is_student=True, first_name=’",Alfred,"',last_name=’",Villarreal,')
user=User.objects.create_user(username=’,Beard,"',email=’",Beard@illinois.edu,"',password=’",bicycle00,"', is_student=True, first_name=’",Kylan,"',last_name=’",Beard,')
user=User.objects.create_user(username=’,Mckinney,"',email=’",Mckinney@illinois.edu,"',password=’",bicycle00,"', is_student=True, first_name=’",Greyson,"',last_name=’",Mckinney,')
user=User.objects.create_user(username=’,Russell,"',email=’",Russell@illinois.edu,"',password=’",bicycle00,"', is_student=True, first_name=’",Leland,"',last_name=’",Russell,')
user=User.objects.create_user(username=’,Dawson,"',email=’",Dawson@illinois.edu,"',password=’",bicycle00,"', is_student=True, first_name=’",Justin,"',last_name=’",Dawson,')
user=User.objects.create_user(username=’,Hayes,"',email=’",Hayes@illinois.edu,"',password=’",bicycle00,"', is_student=True, first_name=’",Avery,"',last_name=’",Hayes,')
user=User.objects.create_user(username=’,Herring,"',email=’",Herring@illinois.edu,"',password=’",bicycle00,"', is_student=True, first_name=’",Kristopher,"',last_name=’",Herring,')
user=User.objects.create_user(username=’,Riggs,"',email=’",Riggs@illinois.edu,"',password=’",bicycle00,"', is_student=True, first_name=’",Jacob,"',last_name=’",Riggs,')
user=User.objects.create_user(username=’,Ali,"',email=’",Ali@illinois.edu,"',password=’",bicycle00,"', is_student=True, first_name=’",Deshawn,"',last_name=’",Ali,')
user=User.objects.create_user(username=’,Sullivan,"',email=’",Sullivan@illinois.edu,"',password=’",bicycle00,"', is_student=True, first_name=’",Abel,"',last_name=’",Sullivan,')
user=User.objects.create_user(username=’,Strong,"',email=’",Strong@illinois.edu,"',password=’",bicycle00,"', is_student=True, first_name=’",Johnny,"',last_name=’",Strong,')
user=User.objects.create_user(username=’,Merritt,"',email=’",Merritt@illinois.edu,"',password=’",bicycle00,"', is_student=True, first_name=’",Zander,"',last_name=’",Merritt,')
user=User.objects.create_user(username=’,Ferrell,"',email=’",Ferrell@illinois.edu,"',password=’",bicycle00,"', is_student=True, first_name=’",Jayvion,"',last_name=’",Ferrell,')
user=User.objects.create_user(username=’,Glass,"',email=’",Glass@illinois.edu,"',password=’",bicycle00,"', is_student=True, first_name=’",Maverick,"',last_name=’",Glass,')
user=User.objects.create_user(username=’,Holder,"',email=’",Holder@illinois.edu,"',password=’",bicycle00,"', is_student=True, first_name=’",Lewis,"',last_name=’",Holder,')
user=User.objects.create_user(username=’,Peters,"',email=’",Peters@illinois.edu,"',password=’",bicycle00,"', is_student=True, first_name=’",Tyrone,"',last_name=’",Peters,')
user=User.objects.create_user(username=’,Dudley,"',email=’",Dudley@illinois.edu,"',password=’",bicycle00,"', is_student=True, first_name=’",Lawson,"',last_name=’",Dudley,')
user=User.objects.create_user(username=’,Mclean,"',email=’",Mclean@illinois.edu,"',password=’",bicycle00,"', is_student=True, first_name=’",Steven,"',last_name=’",Mclean,')
user=User.objects.create_user(username=’,Gonzalez,"',email=’",Gonzalez@illinois.edu,"',password=’",bicycle00,"', is_student=True, first_name=’",Jaquan,"',last_name=’",Gonzalez,')
user=User.objects.create_user(username=’,Alexander,"',email=’",Alexander@illinois.edu,"',password=’",bicycle00,"', is_student=True, first_name=’",Louis,"',last_name=’",Alexander,')
user=User.objects.create_user(username=’,Townsend,"',email=’",Townsend@illinois.edu,"',password=’",bicycle00,"', is_student=True, first_name=’",Dereon,"',last_name=’",Townsend,')
user=User.objects.create_user(username=’,Moody,"',email=’",Moody@illinois.edu,"',password=’",bicycle00,"', is_student=True, first_name=’",Rory,"',last_name=’",Moody,')
user=User.objects.create_user(username=’,Levy,"',email=’",Levy@illinois.edu,"',password=’",bicycle00,"', is_student=True, first_name=’",Kadin,"',last_name=’",Levy,')
user=User.objects.create_user(username=’,Medina,"',email=’",Medina@illinois.edu,"',password=’",bicycle00,"', is_student=True, first_name=’",Zachariah,"',last_name=’",Medina,')
user=User.objects.create_user(username=’,Bonilla,"',email=’",Bonilla@illinois.edu,"',password=’",bicycle00,"', is_student=True, first_name=’",Ayaan,"',last_name=’",Bonilla,')
user=User.objects.create_user(username=’,Potts,"',email=’",Potts@illinois.edu,"',password=’",bicycle00,"', is_student=True, first_name=’",Clinton,"',last_name=’",Potts,')
user=User.objects.create_user(username=’,Ramirez,"',email=’",Ramirez@illinois.edu,"',password=’",bicycle00,"', is_student=True, first_name=’",Atticus,"',last_name=’",Ramirez,')
user=User.objects.create_user(username=’,Hancock,"',email=’",Hancock@illinois.edu,"',password=’",bicycle00,"', is_student=True, first_name=’",Dante,"',last_name=’",Hancock,')
user=User.objects.create_user(username=’,Reed,"',email=’",Reed@illinois.edu,"',password=’",bicycle00,"', is_student=True, first_name=’",Darrell,"',last_name=’",Reed,')
user=User.objects.create_user(username=’,Woods,"',email=’",Woods@illinois.edu,"',password=’",bicycle00,"', is_student=True, first_name=’",Jamal,"',last_name=’",Woods,')
user=User.objects.create_user(username=’,Ellison,"',email=’",Ellison@illinois.edu,"',password=’",bicycle00,"', is_student=True, first_name=’",Rodrigo,"',last_name=’",Ellison,')
user=User.objects.create_user(username=’,Mccoy,"',email=’",Mccoy@illinois.edu,"',password=’",bicycle00,"', is_student=True, first_name=’",Julius,"',last_name=’",Mccoy,')
user=User.objects.create_user(username=’,Patrick,"',email=’",Patrick@illinois.edu,"',password=’",bicycle00,"', is_student=True, first_name=’",Ramiro,"',last_name=’",Patrick,')
user=User.objects.create_user(username=’,Johns,"',email=’",Johns@illinois.edu,"',password=’",bicycle00,"', is_student=True, first_name=’",Maxwell,"',last_name=’",Johns,')
user=User.objects.create_user(username=’,Stewart,"',email=’",Stewart@illinois.edu,"',password=’",bicycle00,"', is_student=True, first_name=’",Nathan,"',last_name=’",Stewart,')
user=User.objects.create_user(username=’,Brown,"',email=’",Brown@illinois.edu,"',password=’",bicycle00,"', is_student=True, first_name=’",Isiah,"',last_name=’",Brown,')
user=User.objects.create_user(username=’,Luna,"',email=’",Luna@illinois.edu,"',password=’",bicycle00,"', is_student=True, first_name=’",Aiden,"',last_name=’",Luna,')
user=User.objects.create_user(username=’,Short,"',email=’",Short@illinois.edu,"',password=’",bicycle00,"', is_student=True, first_name=’",Cyrus,"',last_name=’",Short,')
user=User.objects.create_user(username=’,Walter,"',email=’",Walter@illinois.edu,"',password=’",bicycle00,"', is_student=True, first_name=’",Kason,"',last_name=’",Walter,')
user=User.objects.create_user(username=’,Roy,"',email=’",Roy@illinois.edu,"',password=’",bicycle00,"', is_student=True, first_name=’",Isaac,"',last_name=’",Roy,')
user=User.objects.create_user(username=’,Sharp,"',email=’",Sharp@illinois.edu,"',password=’",bicycle00,"', is_student=True, first_name=’",Ari,"',last_name=’",Sharp,')
user=User.objects.create_user(username=’,Campbell,"',email=’",Campbell@illinois.edu,"',password=’",bicycle00,"', is_student=True, first_name=’",Tony,"',last_name=’",Campbell,')
user=User.objects.create_user(username=’,Cameron,"',email=’",Cameron@illinois.edu,"',password=’",bicycle00,"', is_student=True, first_name=’",Dax,"',last_name=’",Cameron,')
user=User.objects.create_user(username=’,Cochran,"',email=’",Cochran@illinois.edu,"',password=’",bicycle00,"', is_student=True, first_name=’",Jude,"',last_name=’",Cochran,')
user=User.objects.create_user(username=’,Preston,"',email=’",Preston@illinois.edu,"',password=’",bicycle00,"', is_student=True, first_name=’",Silas,"',last_name=’",Preston,')
user=User.objects.create_user(username=’,Rosales,"',email=’",Rosales@illinois.edu,"',password=’",bicycle00,"', is_student=True, first_name=’",Tyson,"',last_name=’",Rosales,')
user=User.objects.create_user(username=’,Glenn,"',email=’",Glenn@illinois.edu,"',password=’",bicycle00,"', is_student=True, first_name=’",Seth,"',last_name=’",Glenn,')
user=User.objects.create_user(username=’,Lynch,"',email=’",Lynch@illinois.edu,"',password=’",bicycle00,"', is_student=True, first_name=’",Rodney,"',last_name=’",Lynch,')
user=User.objects.create_user(username=’,Cox,"',email=’",Cox@illinois.edu,"',password=’",bicycle00,"', is_student=True, first_name=’",Sonny,"',last_name=’",Cox,')
user=User.objects.create_user(username=’,Stanton,"',email=’",Stanton@illinois.edu,"',password=’",bicycle00,"', is_student=True, first_name=’",Trace,"',last_name=’",Stanton,')
user=User.objects.create_user(username=’,Cobb,"',email=’",Cobb@illinois.edu,"',password=’",bicycle00,"', is_student=True, first_name=’",Jordan,"',last_name=’",Cobb,')
user=User.objects.create_user(username=’,Bean,"',email=’",Bean@illinois.edu,"',password=’",bicycle00,"', is_student=True, first_name=’",Harry,"',last_name=’",Bean,')
user=User.objects.create_user(username=’,Fry,"',email=’",Fry@illinois.edu,"',password=’",bicycle00,"', is_student=True, first_name=’",Tyree,"',last_name=’",Fry,')
user=User.objects.create_user(username=’,Larsen,"',email=’",Larsen@illinois.edu,"',password=’",bicycle00,"', is_student=True, first_name=’",Drake,"',last_name=’",Larsen,')
user=User.objects.create_user(username=’,Santiago,"',email=’",Santiago@illinois.edu,"',password=’",bicycle00,"', is_student=True, first_name=’",Steve,"',last_name=’",Santiago,')
user=User.objects.create_user(username=’,Small,"',email=’",Small@illinois.edu,"',password=’",bicycle00,"', is_student=True, first_name=’",Hugh,"',last_name=’",Small,')
user=User.objects.create_user(username=’,Russo,"',email=’",Russo@illinois.edu,"',password=’",bicycle00,"', is_student=True, first_name=’",Alijah,"',last_name=’",Russo,')
user=User.objects.create_user(username=’,Diaz,"',email=’",Diaz@illinois.edu,"',password=’",bicycle00,"', is_student=True, first_name=’",Brodie,"',last_name=’",Diaz,')
user=User.objects.create_user(username=’,Norman,"',email=’",Norman@illinois.edu,"',password=’",bicycle00,"', is_student=True, first_name=’",Nico,"',last_name=’",Norman,')
user=User.objects.create_user(username=’,Webb,"',email=’",Webb@illinois.edu,"',password=’",bicycle00,"', is_student=True, first_name=’",Damari,"',last_name=’",Webb,')
user=User.objects.create_user(username=’,Jennings,"',email=’",Jennings@illinois.edu,"',password=’",bicycle00,"', is_student=True, first_name=’",Dillan,"',last_name=’",Jennings,')
user=User.objects.create_user(username=’,Rasmussen,"',email=’",Rasmussen@illinois.edu,"',password=’",bicycle00,"', is_student=True, first_name=’",Santiago,"',last_name=’",Rasmussen,')
user=User.objects.create_user(username=’,Fischer,"',email=’",Fischer@illinois.edu,"',password=’",bicycle00,"', is_student=True, first_name=’",Brooks,"',last_name=’",Fischer,')
user=User.objects.create_user(username=’,Ryan,"',email=’",Ryan@illinois.edu,"',password=’",bicycle00,"', is_student=True, first_name=’",Nathaniel,"',last_name=’",Ryan,')
user=User.objects.create_user(username=’,Conley,"',email=’",Conley@illinois.edu,"',password=’",bicycle00,"', is_student=True, first_name=’",Brody,"',last_name=’",Conley,')
user=User.objects.create_user(username=’,Allison,"',email=’",Allison@illinois.edu,"',password=’",bicycle00,"', is_student=True, first_name=’",Conner,"',last_name=’",Allison,')
user=User.objects.create_user(username=’,Hale,"',email=’",Hale@illinois.edu,"',password=’",bicycle00,"', is_student=True, first_name=’",Terrell,"',last_name=’",Hale,')
user=User.objects.create_user(username=’,Serrano,"',email=’",Serrano@illinois.edu,"',password=’",bicycle00,"', is_student=True, first_name=’",Mike,"',last_name=’",Serrano,')
user=User.objects.create_user(username=’,Ballard,"',email=’",Ballard@illinois.edu,"',password=’",bicycle00,"', is_student=True, first_name=’",Korbin,"',last_name=’",Ballard,')
user=User.objects.create_user(username=’,Clayton,"',email=’",Clayton@illinois.edu,"',password=’",bicycle00,"', is_student=True, first_name=’",Peter,"',last_name=’",Clayton,')
user=User.objects.create_user(username=’,Coffey,"',email=’",Coffey@illinois.edu,"',password=’",bicycle00,"', is_student=True, first_name=’",Jaxon,"',last_name=’",Coffey,')
user=User.objects.create_user(username=’,Fitzgerald,"',email=’",Fitzgerald@illinois.edu,"',password=’",bicycle00,"', is_student=True, first_name=’",Carter,"',last_name=’",Fitzgerald,')
user=User.objects.create_user(username=’,Norris,"',email=’",Norris@illinois.edu,"',password=’",bicycle00,"', is_student=True, first_name=’",Layton,"',last_name=’",Norris,')
user=User.objects.create_user(username=’,Mosley,"',email=’",Mosley@illinois.edu,"',password=’",bicycle00,"', is_student=True, first_name=’",Brenden,"',last_name=’",Mosley,')
user=User.objects.create_user(username=’,Choi,"',email=’",Choi@illinois.edu,"',password=’",bicycle00,"', is_student=True, first_name=’",Dean,"',last_name=’",Choi,')
user=User.objects.create_user(username=’,Carroll,"',email=’",Carroll@illinois.edu,"',password=’",bicycle00,"', is_student=True, first_name=’",Rayan,"',last_name=’",Carroll,')
user=User.objects.create_user(username=’,Gentry,"',email=’",Gentry@illinois.edu,"',password=’",bicycle00,"', is_student=True, first_name=’",Francisco,"',last_name=’",Gentry,')
user=User.objects.create_user(username=’,Hull,"',email=’",Hull@illinois.edu,"',password=’",bicycle00,"', is_student=True, first_name=’",Yandel,"',last_name=’",Hull,')
user=User.objects.create_user(username=’,Andersen,"',email=’",Andersen@illinois.edu,"',password=’",bicycle00,"', is_student=True, first_name=’",Jacoby,"',last_name=’",Andersen,')
user=User.objects.create_user(username=’,Shea,"',email=’",Shea@illinois.edu,"',password=’",bicycle00,"', is_student=True, first_name=’",Aydin,"',last_name=’",Shea,')
user=User.objects.create_user(username=’,Bennett,"',email=’",Bennett@illinois.edu,"',password=’",bicycle00,"', is_student=True, first_name=’",Mohammad,"',last_name=’",Bennett,')
user=User.objects.create_user(username=’,Velasquez,"',email=’",Velasquez@illinois.edu,"',password=’",bicycle00,"', is_student=True, first_name=’",Vicente,"',last_name=’",Velasquez,')
user=User.objects.create_user(username=’,Clements,"',email=’",Clements@illinois.edu,"',password=’",bicycle00,"', is_student=True, first_name=’",Martin,"',last_name=’",Clements,')
user=User.objects.create_user(username=’,Hooper,"',email=’",Hooper@illinois.edu,"',password=’",bicycle00,"', is_student=True, first_name=’",Callum,"',last_name=’",Hooper,')
user=User.objects.create_user(username=’,Schultz,"',email=’",Schultz@illinois.edu,"',password=’",bicycle00,"', is_student=True, first_name=’",Landyn,"',last_name=’",Schultz,')
user=User.objects.create_user(username=’,Stein,"',email=’",Stein@illinois.edu,"',password=’",bicycle00,"', is_student=True, first_name=’",Ruben,"',last_name=’",Stein,')
user=User.objects.create_user(username=’,Lester,"',email=’",Lester@illinois.edu,"',password=’",bicycle00,"', is_student=True, first_name=’",Skyler,"',last_name=’",Lester,')
user=User.objects.create_user(username=’,Wolfe,"',email=’",Wolfe@illinois.edu,"',password=’",bicycle00,"', is_student=True, first_name=’",Tomas,"',last_name=’",Wolfe,')
user=User.objects.create_user(username=’,Harmon,"',email=’",Harmon@illinois.edu,"',password=’",bicycle00,"', is_student=True, first_name=’",Jaxson,"',last_name=’",Harmon,')
user=User.objects.create_user(username=’,Lara,"',email=’",Lara@illinois.edu,"',password=’",bicycle00,"', is_student=True, first_name=’",Nickolas,"',last_name=’",Lara,')
user=User.objects.create_user(username=’,Moon,"',email=’",Moon@illinois.edu,"',password=’",bicycle00,"', is_student=True, first_name=’",Jessie,"',last_name=’",Moon,')
user=User.objects.create_user(username=’,Powers,"',email=’",Powers@illinois.edu,"',password=’",bicycle00,"', is_student=True, first_name=’",Paul,"',last_name=’",Powers,')
user=User.objects.create_user(username=’,Barrett,"',email=’",Barrett@illinois.edu,"',password=’",bicycle00,"', is_student=True, first_name=’",Elvis,"',last_name=’",Barrett,')
user=User.objects.create_user(username=’,Grimes,"',email=’",Grimes@illinois.edu,"',password=’",bicycle00,"', is_student=True, first_name=’",Uriel,"',last_name=’",Grimes,')
user=User.objects.create_user(username=’,Rogers,"',email=’",Rogers@illinois.edu,"',password=’",bicycle00,"', is_student=True, first_name=’",Jean,"',last_name=’",Rogers,')
user=User.objects.create_user(username=’,Kaiser,"',email=’",Kaiser@illinois.edu,"',password=’",bicycle00,"', is_student=True, first_name=’",Chaz,"',last_name=’",Kaiser,')
user=User.objects.create_user(username=’,Stephenson,"',email=’",Stephenson@illinois.edu,"',password=’",bicycle00,"', is_student=True, first_name=’",Sterling,"',last_name=’",Stephenson,')
user=User.objects.create_user(username=’,Mccarty,"',email=’",Mccarty@illinois.edu,"',password=’",bicycle00,"', is_student=True, first_name=’",Roland,"',last_name=’",Mccarty,')
user=User.objects.create_user(username=’,Raymond,"',email=’",Raymond@illinois.edu,"',password=’",bicycle00,"', is_student=True, first_name=’",Tyrese,"',last_name=’",Raymond,')
user=User.objects.create_user(username=’,Bentley,"',email=’",Bentley@illinois.edu,"',password=’",bicycle00,"', is_student=True, first_name=’",Beau,"',last_name=’",Bentley,')
user=User.objects.create_user(username=’,Crawford,"',email=’",Crawford@illinois.edu,"',password=’",bicycle00,"', is_student=True, first_name=’",Maddox,"',last_name=’",Crawford,')
user=User.objects.create_user(username=’,Richmond,"',email=’",Richmond@illinois.edu,"',password=’",bicycle00,"', is_student=True, first_name=’",Koen,"',last_name=’",Richmond,')
user=User.objects.create_user(username=’,Gaines,"',email=’",Gaines@illinois.edu,"',password=’",bicycle00,"', is_student=True, first_name=’",Henry,"',last_name=’",Gaines,')
user=User.objects.create_user(username=’,Hess,"',email=’",Hess@illinois.edu,"',password=’",bicycle00,"', is_student=True, first_name=’",Aden,"',last_name=’",Hess,')
user=User.objects.create_user(username=’,Murray,"',email=’",Murray@illinois.edu,"',password=’",bicycle00,"', is_student=True, first_name=’",Asher,"',last_name=’",Murray,')
user=User.objects.create_user(username=’,Foster,"',email=’",Foster@illinois.edu,"',password=’",bicycle00,"', is_student=True, first_name=’",Colin,"',last_name=’",Foster,')
user=User.objects.create_user(username=’,Andrews,"',email=’",Andrews@illinois.edu,"',password=’",bicycle00,"', is_student=True, first_name=’",Richard,"',last_name=’",Andrews,')
user=User.objects.create_user(username=’,Davila,"',email=’",Davila@illinois.edu,"',password=’",bicycle00,"', is_student=True, first_name=’",Ernest,"',last_name=’",Davila,')
user=User.objects.create_user(username=’,Conner,"',email=’",Conner@illinois.edu,"',password=’",bicycle00,"', is_student=True, first_name=’",Romeo,"',last_name=’",Conner,')
user=User.objects.create_user(username=’,Le,"',email=’",Le@illinois.edu,"',password=’",bicycle00,"', is_student=True, first_name=’",Jace,"',last_name=’",Le,')
user=User.objects.create_user(username=’,Warren,"',email=’",Warren@illinois.edu,"',password=’",bicycle00,"', is_student=True, first_name=’",Mohamed,"',last_name=’",Warren,')
user=User.objects.create_user(username=’,Fuller,"',email=’",Fuller@illinois.edu,"',password=’",bicycle00,"', is_student=True, first_name=’",Cody,"',last_name=’",Fuller,')
user=User.objects.create_user(username=’,Bush,"',email=’",Bush@illinois.edu,"',password=’",bicycle00,"', is_student=True, first_name=’",Simeon,"',last_name=’",Bush,')
user=User.objects.create_user(username=’,Blevins,"',email=’",Blevins@illinois.edu,"',password=’",bicycle00,"', is_student=True, first_name=’",Blake,"',last_name=’",Blevins,')
user=User.objects.create_user(username=’,Sutton,"',email=’",Sutton@illinois.edu,"',password=’",bicycle00,"', is_student=True, first_name=’",Jovanny,"',last_name=’",Sutton,')
user=User.objects.create_user(username=’,Nelson,"',email=’",Nelson@illinois.edu,"',password=’",bicycle00,"', is_student=True, first_name=’",Vance,"',last_name=’",Nelson,')
user=User.objects.create_user(username=’,Everett,"',email=’",Everett@illinois.edu,"',password=’",bicycle00,"', is_student=True, first_name=’",Johan,"',last_name=’",Everett,')
user=User.objects.create_user(username=’,Walters,"',email=’",Walters@illinois.edu,"',password=’",bicycle00,"', is_student=True, first_name=’",Keegan,"',last_name=’",Walters,')
user=User.objects.create_user(username=’,Skinner,"',email=’",Skinner@illinois.edu,"',password=’",bicycle00,"', is_student=True, first_name=’",Demetrius,"',last_name=’",Skinner,')
user=User.objects.create_user(username=’,Jacobs,"',email=’",Jacobs@illinois.edu,"',password=’",bicycle00,"', is_student=True, first_name=’",Troy,"',last_name=’",Jacobs,')
user=User.objects.create_user(username=’,Malone,"',email=’",Malone@illinois.edu,"',password=’",bicycle00,"', is_student=True, first_name=’",Mitchell,"',last_name=’",Malone,')
user=User.objects.create_user(username=’,Pitts,"',email=’",Pitts@illinois.edu,"',password=’",bicycle00,"', is_student=True, first_name=’",Wade,"',last_name=’",Pitts,')
user=User.objects.create_user(username=’,Long,"',email=’",Long@illinois.edu,"',password=’",bicycle00,"', is_student=True, first_name=’",Immanuel,"',last_name=’",Long,')
user=User.objects.create_user(username=’,Finley,"',email=’",Finley@illinois.edu,"',password=’",bicycle00,"', is_student=True, first_name=’",Braxton,"',last_name=’",Finley,')
user=User.objects.create_user(username=’,Krause,"',email=’",Krause@illinois.edu,"',password=’",bicycle00,"', is_student=True, first_name=’",Dangelo,"',last_name=’",Krause,')
user=User.objects.create_user(username=’,Shepard,"',email=’",Shepard@illinois.edu,"',password=’",bicycle00,"', is_student=True, first_name=’",London,"',last_name=’",Shepard,')
user=User.objects.create_user(username=’,Bowman,"',email=’",Bowman@illinois.edu,"',password=’",bicycle00,"', is_student=True, first_name=’",Peyton,"',last_name=’",Bowman,')
user=User.objects.create_user(username=’,Neal,"',email=’",Neal@illinois.edu,"',password=’",bicycle00,"', is_student=True, first_name=’",Darryl,"',last_name=’",Neal,')
user=User.objects.create_user(username=’,Grant,"',email=’",Grant@illinois.edu,"',password=’",bicycle00,"', is_student=True, first_name=’",Terry,"',last_name=’",Grant,')
user=User.objects.create_user(username=’,George,"',email=’",George@illinois.edu,"',password=’",bicycle00,"', is_student=True, first_name=’",Tripp,"',last_name=’",George,')
user=User.objects.create_user(username=’,Harrell,"',email=’",Harrell@illinois.edu,"',password=’",bicycle00,"', is_student=True, first_name=’",Shane,"',last_name=’",Harrell,')
user=User.objects.create_user(username=’,Weiss,"',email=’",Weiss@illinois.edu,"',password=’",bicycle00,"', is_student=True, first_name=’",Bruce,"',last_name=’",Weiss,')
user=User.objects.create_user(username=’,Bird,"',email=’",Bird@illinois.edu,"',password=’",bicycle00,"', is_student=True, first_name=’",Lee,"',last_name=’",Bird,')
user=User.objects.create_user(username=’,Gardner,"',email=’",Gardner@illinois.edu,"',password=’",bicycle00,"', is_student=True, first_name=’",Graham,"',last_name=’",Gardner,')
user=User.objects.create_user(username=’,Hendricks,"',email=’",Hendricks@illinois.edu,"',password=’",bicycle00,"', is_student=True, first_name=’",Ayden,"',last_name=’",Hendricks,')
user=User.objects.create_user(username=’,Montoya,"',email=’",Montoya@illinois.edu,"',password=’",bicycle00,"', is_student=True, first_name=’",Asa,"',last_name=’",Montoya,')
user=User.objects.create_user(username=’,Yang,"',email=’",Yang@illinois.edu,"',password=’",bicycle00,"', is_student=True, first_name=’",Jadon,"',last_name=’",Yang,')
user=User.objects.create_user(username=’,Sexton,"',email=’",Sexton@illinois.edu,"',password=’",bicycle00,"', is_student=True, first_name=’",Marshall,"',last_name=’",Sexton,')
user=User.objects.create_user(username=’,Shaw,"',email=’",Shaw@illinois.edu,"',password=’",bicycle00,"', is_student=True, first_name=’",Tommy,"',last_name=’",Shaw,')
user=User.objects.create_user(username=’,Bass,"',email=’",Bass@illinois.edu,"',password=’",bicycle00,"', is_student=True, first_name=’",Zackary,"',last_name=’",Bass,')
user=User.objects.create_user(username=’,Delacruz,"',email=’",Delacruz@illinois.edu,"',password=’",bicycle00,"', is_student=True, first_name=’",Ezra,"',last_name=’",Delacruz,')
user=User.objects.create_user(username=’,Tran,"',email=’",Tran@illinois.edu,"',password=’",bicycle00,"', is_student=True, first_name=’",Devin,"',last_name=’",Tran,')
user=User.objects.create_user(username=’,Melendez,"',email=’",Melendez@illinois.edu,"',password=’",bicycle00,"', is_student=True, first_name=’",Ryann,"',last_name=’",Melendez,')
user=User.objects.create_user(username=’,Rivers,"',email=’",Rivers@illinois.edu,"',password=’",bicycle00,"', is_student=True, first_name=’",Leilani,"',last_name=’",Rivers,')
user=User.objects.create_user(username=’,Brooks,"',email=’",Brooks@illinois.edu,"',password=’",bicycle00,"', is_student=True, first_name=’",Ruth,"',last_name=’",Brooks,')
user=User.objects.create_user(username=’,Ochoa,"',email=’",Ochoa@illinois.edu,"',password=’",bicycle00,"', is_student=True, first_name=’",Jaylen,"',last_name=’",Ochoa,')
user=User.objects.create_user(username=’,Shepherd,"',email=’",Shepherd@illinois.edu,"',password=’",bicycle00,"', is_student=True, first_name=’",Piper,"',last_name=’",Shepherd,')
user=User.objects.create_user(username=’,Gregory,"',email=’",Gregory@illinois.edu,"',password=’",bicycle00,"', is_student=True, first_name=’",Violet,"',last_name=’",Gregory,')
user=User.objects.create_user(username=’,Jones,"',email=’",Jones@illinois.edu,"',password=’",bicycle00,"', is_student=True, first_name=’",Macie,"',last_name=’",Jones,')
user=User.objects.create_user(username=’,Hurst,"',email=’",Hurst@illinois.edu,"',password=’",bicycle00,"', is_student=True, first_name=’",Haley,"',last_name=’",Hurst,')
user=User.objects.create_user(username=’,Boyd,"',email=’",Boyd@illinois.edu,"',password=’",bicycle00,"', is_student=True, first_name=’",Jazlynn,"',last_name=’",Boyd,')
user=User.objects.create_user(username=’,Solis,"',email=’",Solis@illinois.edu,"',password=’",bicycle00,"', is_student=True, first_name=’",Carlee,"',last_name=’",Solis,')
user=User.objects.create_user(username=’,Matthews,"',email=’",Matthews@illinois.edu,"',password=’",bicycle00,"', is_student=True, first_name=’",Andrea,"',last_name=’",Matthews,')
user=User.objects.create_user(username=’,Cordova,"',email=’",Cordova@illinois.edu,"',password=’",bicycle00,"', is_student=True, first_name=’",Saniyah,"',last_name=’",Cordova,')
user=User.objects.create_user(username=’,James,"',email=’",James@illinois.edu,"',password=’",bicycle00,"', is_student=True, first_name=’",Sophie,"',last_name=’",James,')
user=User.objects.create_user(username=’,Mckee,"',email=’",Mckee@illinois.edu,"',password=’",bicycle00,"', is_student=True, first_name=’",Caitlin,"',last_name=’",Mckee,')
user=User.objects.create_user(username=’,Reilly,"',email=’",Reilly@illinois.edu,"',password=’",bicycle00,"', is_student=True, first_name=’",Daisy,"',last_name=’",Reilly,')
user=User.objects.create_user(username=’,Reese,"',email=’",Reese@illinois.edu,"',password=’",bicycle00,"', is_student=True, first_name=’",Kara,"',last_name=’",Reese,')
user=User.objects.create_user(username=’,Abbott,"',email=’",Abbott@illinois.edu,"',password=’",bicycle00,"', is_student=True, first_name=’",Salma,"',last_name=’",Abbott,')
user=User.objects.create_user(username=’,Huff,"',email=’",Huff@illinois.edu,"',password=’",bicycle00,"', is_student=True, first_name=’",Addison,"',last_name=’",Huff,')
user=User.objects.create_user(username=’,Manning,"',email=’",Manning@illinois.edu,"',password=’",bicycle00,"', is_student=True, first_name=’",Taliyah,"',last_name=’",Manning,')
user=User.objects.create_user(username=’,Patton,"',email=’",Patton@illinois.edu,"',password=’",bicycle00,"', is_student=True, first_name=’",Laci,"',last_name=’",Patton,')
user=User.objects.create_user(username=’,Nicholson,"',email=’",Nicholson@illinois.edu,"',password=’",bicycle00,"', is_student=True, first_name=’",Jacquelyn,"',last_name=’",Nicholson,')
user=User.objects.create_user(username=’,Kelley,"',email=’",Kelley@illinois.edu,"',password=’",bicycle00,"', is_student=True, first_name=’",Brittany,"',last_name=’",Kelley,')
user=User.objects.create_user(username=’,Figueroa,"',email=’",Figueroa@illinois.edu,"',password=’",bicycle00,"', is_student=True, first_name=’",Alicia,"',last_name=’",Figueroa,')
user=User.objects.create_user(username=’,Thompson,"',email=’",Thompson@illinois.edu,"',password=’",bicycle00,"', is_student=True, first_name=’",Scarlett,"',last_name=’",Thompson,')
user=User.objects.create_user(username=’,Guerrero,"',email=’",Guerrero@illinois.edu,"',password=’",bicycle00,"', is_student=True, first_name=’",Julia,"',last_name=’",Guerrero,')
user=User.objects.create_user(username=’,Thornton,"',email=’",Thornton@illinois.edu,"',password=’",bicycle00,"', is_student=True, first_name=’",Mylie,"',last_name=’",Thornton,')
user=User.objects.create_user(username=’,Frazier,"',email=’",Frazier@illinois.edu,"',password=’",bicycle00,"', is_student=True, first_name=’",Abril,"',last_name=’",Frazier,')
user=User.objects.create_user(username=’,Dougherty,"',email=’",Dougherty@illinois.edu,"',password=’",bicycle00,"', is_student=True, first_name=’",Cassidy,"',last_name=’",Dougherty,')
user=User.objects.create_user(username=’,Monroe,"',email=’",Monroe@illinois.edu,"',password=’",bicycle00,"', is_student=True, first_name=’",Alivia,"',last_name=’",Monroe,')
user=User.objects.create_user(username=’,Welch,"',email=’",Welch@illinois.edu,"',password=’",bicycle00,"', is_student=True, first_name=’",Maya,"',last_name=’",Welch,')
user=User.objects.create_user(username=’,Montgomery,"',email=’",Montgomery@illinois.edu,"',password=’",bicycle00,"', is_student=True, first_name=’",Marisol,"',last_name=’",Montgomery,')
user=User.objects.create_user(username=’,Brandt,"',email=’",Brandt@illinois.edu,"',password=’",bicycle00,"', is_student=True, first_name=’",Kiley,"',last_name=’",Brandt,')
user=User.objects.create_user(username=’,Vaughn,"',email=’",Vaughn@illinois.edu,"',password=’",bicycle00,"', is_student=True, first_name=’",Mollie,"',last_name=’",Vaughn,')
user=User.objects.create_user(username=’,Cowan,"',email=’",Cowan@illinois.edu,"',password=’",bicycle00,"', is_student=True, first_name=’",Bria,"',last_name=’",Cowan,')
user=User.objects.create_user(username=’,Potter,"',email=’",Potter@illinois.edu,"',password=’",bicycle00,"', is_student=True, first_name=’",Allyson,"',last_name=’",Potter,')
user=User.objects.create_user(username=’,Callahan,"',email=’",Callahan@illinois.edu,"',password=’",bicycle00,"', is_student=True, first_name=’",Yasmine,"',last_name=’",Callahan,')
user=User.objects.create_user(username=’,Irwin,"',email=’",Irwin@illinois.edu,"',password=’",bicycle00,"', is_student=True, first_name=’",Lauren,"',last_name=’",Irwin,')
user=User.objects.create_user(username=’,Dodson,"',email=’",Dodson@illinois.edu,"',password=’",bicycle00,"', is_student=True, first_name=’",Mercedes,"',last_name=’",Dodson,')
user=User.objects.create_user(username=’,Carson,"',email=’",Carson@illinois.edu,"',password=’",bicycle00,"', is_student=True, first_name=’",Litzy,"',last_name=’",Carson,')
user=User.objects.create_user(username=’,Mason,"',email=’",Mason@illinois.edu,"',password=’",bicycle00,"', is_student=True, first_name=’",Anabella,"',last_name=’",Mason,')
user=User.objects.create_user(username=’,Murillo,"',email=’",Murillo@illinois.edu,"',password=’",bicycle00,"', is_student=True, first_name=’",Kaelyn,"',last_name=’",Murillo,')
user=User.objects.create_user(username=’,Burch,"',email=’",Burch@illinois.edu,"',password=’",bicycle00,"', is_student=True, first_name=’",Mary,"',last_name=’",Burch,')
user=User.objects.create_user(username=’,Donaldson,"',email=’",Donaldson@illinois.edu,"',password=’",bicycle00,"', is_student=True, first_name=’",Lizbeth,"',last_name=’",Donaldson,')
user=User.objects.create_user(username=’,Henderson,"',email=’",Henderson@illinois.edu,"',password=’",bicycle00,"', is_student=True, first_name=’",Brooke,"',last_name=’",Henderson,')
user=User.objects.create_user(username=’,Wall,"',email=’",Wall@illinois.edu,"',password=’",bicycle00,"', is_student=True, first_name=’",Jayla,"',last_name=’",Wall,')
user=User.objects.create_user(username=’,Tyler,"',email=’",Tyler@illinois.edu,"',password=’",bicycle00,"', is_student=True, first_name=’",Ada,"',last_name=’",Tyler,')
user=User.objects.create_user(username=’,Kemp,"',email=’",Kemp@illinois.edu,"',password=’",bicycle00,"', is_student=True, first_name=’",Dayami,"',last_name=’",Kemp,')
user=User.objects.create_user(username=’,Dennis,"',email=’",Dennis@illinois.edu,"',password=’",bicycle00,"', is_student=True, first_name=’",Carly,"',last_name=’",Dennis,')
user=User.objects.create_user(username=’,Krueger,"',email=’",Krueger@illinois.edu,"',password=’",bicycle00,"', is_student=True, first_name=’",Jasmin,"',last_name=’",Krueger,')
user=User.objects.create_user(username=’,Baldwin,"',email=’",Baldwin@illinois.edu,"',password=’",bicycle00,"', is_student=True, first_name=’",Skylar,"',last_name=’",Baldwin,')
user=User.objects.create_user(username=’,Arroyo,"',email=’",Arroyo@illinois.edu,"',password=’",bicycle00,"', is_student=True, first_name=’",Kiara,"',last_name=’",Arroyo,')
user=User.objects.create_user(username=’,Jensen,"',email=’",Jensen@illinois.edu,"',password=’",bicycle00,"', is_student=True, first_name=’",Bailee,"',last_name=’",Jensen,')
user=User.objects.create_user(username=’,Austin,"',email=’",Austin@illinois.edu,"',password=’",bicycle00,"', is_student=True, first_name=’",Olive,"',last_name=’",Austin,')
user=User.objects.create_user(username=’,Lin,"',email=’",Lin@illinois.edu,"',password=’",bicycle00,"', is_student=True, first_name=’",Annabelle,"',last_name=’",Lin,')
user=User.objects.create_user(username=’,Holland,"',email=’",Holland@illinois.edu,"',password=’",bicycle00,"', is_student=True, first_name=’",Annika,"',last_name=’",Holland,')
user=User.objects.create_user(username=’,Roach,"',email=’",Roach@illinois.edu,"',password=’",bicycle00,"', is_student=True, first_name=’",Ayana,"',last_name=’",Roach,')
user=User.objects.create_user(username=’,Terry,"',email=’",Terry@illinois.edu,"',password=’",bicycle00,"', is_student=True, first_name=’",Virginia,"',last_name=’",Terry,')
user=User.objects.create_user(username=’,Rosario,"',email=’",Rosario@illinois.edu,"',password=’",bicycle00,"', is_student=True, first_name=’",Madilynn,"',last_name=’",Rosario,')
user=User.objects.create_user(username=’,Khan,"',email=’",Khan@illinois.edu,"',password=’",bicycle00,"', is_student=True, first_name=’",Reyna,"',last_name=’",Khan,')
user=User.objects.create_user(username=’,Hawkins,"',email=’",Hawkins@illinois.edu,"',password=’",bicycle00,"', is_student=True, first_name=’",Claudia,"',last_name=’",Hawkins,')
user=User.objects.create_user(username=’,Boyle,"',email=’",Boyle@illinois.edu,"',password=’",bicycle00,"', is_student=True, first_name=’",Layla,"',last_name=’",Boyle,')
user=User.objects.create_user(username=’,Oneal,"',email=’",Oneal@illinois.edu,"',password=’",bicycle00,"', is_student=True, first_name=’",Kaley,"',last_name=’",Oneal,')
user=User.objects.create_user(username=’,Morris,"',email=’",Morris@illinois.edu,"',password=’",bicycle00,"', is_student=True, first_name=’",Joslyn,"',last_name=’",Morris,')
user=User.objects.create_user(username=’,Summers,"',email=’",Summers@illinois.edu,"',password=’",bicycle00,"', is_student=True, first_name=’",Kamora,"',last_name=’",Summers,')
user=User.objects.create_user(username=’,Dominguez,"',email=’",Dominguez@illinois.edu,"',password=’",bicycle00,"', is_student=True, first_name=’",Luciana,"',last_name=’",Dominguez,')
user=User.objects.create_user(username=’,Ross,"',email=’",Ross@illinois.edu,"',password=’",bicycle00,"', is_student=True, first_name=’",Brooklynn,"',last_name=’",Ross,')
user=User.objects.create_user(username=’,Howe,"',email=’",Howe@illinois.edu,"',password=’",bicycle00,"', is_student=True, first_name=’",Roselyn,"',last_name=’",Howe,')
user=User.objects.create_user(username=’,Mann,"',email=’",Mann@illinois.edu,"',password=’",bicycle00,"', is_student=True, first_name=’",Ariana,"',last_name=’",Mann,')
user=User.objects.create_user(username=’,Powell,"',email=’",Powell@illinois.edu,"',password=’",bicycle00,"', is_student=True, first_name=’",Avery,"',last_name=’",Powell,')
user=User.objects.create_user(username=’,Vaughan,"',email=’",Vaughan@illinois.edu,"',password=’",bicycle00,"', is_student=True, first_name=’",Bridget,"',last_name=’",Vaughan,')
user=User.objects.create_user(username=’,Best,"',email=’",Best@illinois.edu,"',password=’",bicycle00,"', is_student=True, first_name=’",Jayda,"',last_name=’",Best,')
user=User.objects.create_user(username=’,Cooley,"',email=’",Cooley@illinois.edu,"',password=’",bicycle00,"', is_student=True, first_name=’",Isabelle,"',last_name=’",Cooley,')
user=User.objects.create_user(username=’,Rice,"',email=’",Rice@illinois.edu,"',password=’",bicycle00,"', is_student=True, first_name=’",Jasmine,"',last_name=’",Rice,')
user=User.objects.create_user(username=’,Goodman,"',email=’",Goodman@illinois.edu,"',password=’",bicycle00,"', is_student=True, first_name=’",Nia,"',last_name=’",Goodman,')
user=User.objects.create_user(username=’,Velez,"',email=’",Velez@illinois.edu,"',password=’",bicycle00,"', is_student=True, first_name=’",Genesis,"',last_name=’",Velez,')
user=User.objects.create_user(username=’,Gates,"',email=’",Gates@illinois.edu,"',password=’",bicycle00,"', is_student=True, first_name=’",Amber,"',last_name=’",Gates,')
user=User.objects.create_user(username=’,Madden,"',email=’",Madden@illinois.edu,"',password=’",bicycle00,"', is_student=True, first_name=’",Maritza,"',last_name=’",Madden,')
user=User.objects.create_user(username=’,Haynes,"',email=’",Haynes@illinois.edu,"',password=’",bicycle00,"', is_student=True, first_name=’",Jazlene,"',last_name=’",Haynes,')
user=User.objects.create_user(username=’,Sanders,"',email=’",Sanders@illinois.edu,"',password=’",bicycle00,"', is_student=True, first_name=’",Kiera,"',last_name=’",Sanders,')
user=User.objects.create_user(username=’,Dixon,"',email=’",Dixon@illinois.edu,"',password=’",bicycle00,"', is_student=True, first_name=’",Kaylah,"',last_name=’",Dixon,')
user=User.objects.create_user(username=’,Briggs,"',email=’",Briggs@illinois.edu,"',password=’",bicycle00,"', is_student=True, first_name=’",Itzel,"',last_name=’",Briggs,')
user=User.objects.create_user(username=’,Wilkerson,"',email=’",Wilkerson@illinois.edu,"',password=’",bicycle00,"', is_student=True, first_name=’",Charity,"',last_name=’",Wilkerson,')
user=User.objects.create_user(username=’,Brock,"',email=’",Brock@illinois.edu,"',password=’",bicycle00,"', is_student=True, first_name=’",Monserrat,"',last_name=’",Brock,')
user=User.objects.create_user(username=’,Key,"',email=’",Key@illinois.edu,"',password=’",bicycle00,"', is_student=True, first_name=’",Dayana,"',last_name=’",Key,')
user=User.objects.create_user(username=’,Barron,"',email=’",Barron@illinois.edu,"',password=’",bicycle00,"', is_student=True, first_name=’",Gabrielle,"',last_name=’",Barron,')
user=User.objects.create_user(username=’,Whitaker,"',email=’",Whitaker@illinois.edu,"',password=’",bicycle00,"', is_student=True, first_name=’",Lena,"',last_name=’",Whitaker,')
user=User.objects.create_user(username=’,Harrison,"',email=’",Harrison@illinois.edu,"',password=’",bicycle00,"', is_student=True, first_name=’",Helen,"',last_name=’",Harrison,')
user=User.objects.create_user(username=’,Carpenter,"',email=’",Carpenter@illinois.edu,"',password=’",bicycle00,"', is_student=True, first_name=’",Damaris,"',last_name=’",Carpenter,')
user=User.objects.create_user(username=’,Espinoza,"',email=’",Espinoza@illinois.edu,"',password=’",bicycle00,"', is_student=True, first_name=’",Lacey,"',last_name=’",Espinoza,')
user=User.objects.create_user(username=’,Fernandez,"',email=’",Fernandez@illinois.edu,"',password=’",bicycle00,"', is_student=True, first_name=’",Daniella,"',last_name=’",Fernandez,')
user=User.objects.create_user(username=’,Vargas,"',email=’",Vargas@illinois.edu,"',password=’",bicycle00,"', is_student=True, first_name=’",Giovanna,"',last_name=’",Vargas,')
user=User.objects.create_user(username=’,Perez,"',email=’",Perez@illinois.edu,"',password=’",bicycle00,"', is_student=True, first_name=’",Ann,"',last_name=’",Perez,')
user=User.objects.create_user(username=’,Lawson,"',email=’",Lawson@illinois.edu,"',password=’",bicycle00,"', is_student=True, first_name=’",Marissa,"',last_name=’",Lawson,')
user=User.objects.create_user(username=’,David,"',email=’",David@illinois.edu,"',password=’",bicycle00,"', is_student=True, first_name=’",Camryn,"',last_name=’",David,')
user=User.objects.create_user(username=’,Williamson,"',email=’",Williamson@illinois.edu,"',password=’",bicycle00,"', is_student=True, first_name=’",Jimena,"',last_name=’",Williamson,')
user=User.objects.create_user(username=’,Blankenship,"',email=’",Blankenship@illinois.edu,"',password=’",bicycle00,"', is_student=True, first_name=’",Areli,"',last_name=’",Blankenship,')
user=User.objects.create_user(username=’,Burnett,"',email=’",Burnett@illinois.edu,"',password=’",bicycle00,"', is_student=True, first_name=’",Mckayla,"',last_name=’",Burnett,')
user=User.objects.create_user(username=’,Gill,"',email=’",Gill@illinois.edu,"',password=’",bicycle00,"', is_student=True, first_name=’",Mattie,"',last_name=’",Gill,')
user=User.objects.create_user(username=’,Marsh,"',email=’",Marsh@illinois.edu,"',password=’",bicycle00,"', is_student=True, first_name=’",Paityn,"',last_name=’",Marsh,')
user=User.objects.create_user(username=’,Wolf,"',email=’",Wolf@illinois.edu,"',password=’",bicycle00,"', is_student=True, first_name=’",Alana,"',last_name=’",Wolf,')
user=User.objects.create_user(username=’,Massey,"',email=’",Massey@illinois.edu,"',password=’",bicycle00,"', is_student=True, first_name=’",Kaylen,"',last_name=’",Massey,')
user=User.objects.create_user(username=’,Horne,"',email=’",Horne@illinois.edu,"',password=’",bicycle00,"', is_student=True, first_name=’",Jillian,"',last_name=’",Horne,')
user=User.objects.create_user(username=’,Kelly,"',email=’",Kelly@illinois.edu,"',password=’",bicycle00,"', is_student=True, first_name=’",Patience,"',last_name=’",Kelly,')
user=User.objects.create_user(username=’,Oconnell,"',email=’",Oconnell@illinois.edu,"',password=’",bicycle00,"', is_student=True, first_name=’",Taniyah,"',last_name=’",Oconnell,')
user=User.objects.create_user(username=’,Lane,"',email=’",Lane@illinois.edu,"',password=’",bicycle00,"', is_student=True, first_name=’",Annabel,"',last_name=’",Lane,')
user=User.objects.create_user(username=’,Villa,"',email=’",Villa@illinois.edu,"',password=’",bicycle00,"', is_student=True, first_name=’",Kamari,"',last_name=’",Villa,')
user=User.objects.create_user(username=’,Schneider,"',email=’",Schneider@illinois.edu,"',password=’",bicycle00,"', is_student=True, first_name=’",Rubi,"',last_name=’",Schneider,')
user=User.objects.create_user(username=’,Watts,"',email=’",Watts@illinois.edu,"',password=’",bicycle00,"', is_student=True, first_name=’",Kaleigh,"',last_name=’",Watts,')
user=User.objects.create_user(username=’,Duffy,"',email=’",Duffy@illinois.edu,"',password=’",bicycle00,"', is_student=True, first_name=’",Evelyn,"',last_name=’",Duffy,')
user=User.objects.create_user(username=’,Joyce,"',email=’",Joyce@illinois.edu,"',password=’",bicycle00,"', is_student=True, first_name=’",Milagros,"',last_name=’",Joyce,')
user=User.objects.create_user(username=’,Gilmore,"',email=’",Gilmore@illinois.edu,"',password=’",bicycle00,"', is_student=True, first_name=’",Janiyah,"',last_name=’",Gilmore,')
user=User.objects.create_user(username=’,Ruiz,"',email=’",Ruiz@illinois.edu,"',password=’",bicycle00,"', is_student=True, first_name=’",Yadira,"',last_name=’",Ruiz,')
user=User.objects.create_user(username=’,Ibarra,"',email=’",Ibarra@illinois.edu,"',password=’",bicycle00,"', is_student=True, first_name=’",Jaslyn,"',last_name=’",Ibarra,')
user=User.objects.create_user(username=’,Wagner,"',email=’",Wagner@illinois.edu,"',password=’",bicycle00,"', is_student=True, first_name=’",Taylor,"',last_name=’",Wagner,')
user=User.objects.create_user(username=’,Calderon,"',email=’",Calderon@illinois.edu,"',password=’",bicycle00,"', is_student=True, first_name=’",Hallie,"',last_name=’",Calderon,')
user=User.objects.create_user(username=’,Galvan,"',email=’",Galvan@illinois.edu,"',password=’",bicycle00,"', is_student=True, first_name=’",Daphne,"',last_name=’",Galvan,')
user=User.objects.create_user(username=’,Barton,"',email=’",Barton@illinois.edu,"',password=’",bicycle00,"', is_student=True, first_name=’",Sanai,"',last_name=’",Barton,')
user=User.objects.create_user(username=’,Hahn,"',email=’",Hahn@illinois.edu,"',password=’",bicycle00,"', is_student=True, first_name=’",Jane,"',last_name=’",Hahn,')
user=User.objects.create_user(username=’,Kramer,"',email=’",Kramer@illinois.edu,"',password=’",bicycle00,"', is_student=True, first_name=’",Annabella,"',last_name=’",Kramer,')
user=User.objects.create_user(username=’,Peterson,"',email=’",Peterson@illinois.edu,"',password=’",bicycle00,"', is_student=True, first_name=’",Tessa,"',last_name=’",Peterson,')
user=User.objects.create_user(username=’,Sellers,"',email=’",Sellers@illinois.edu,"',password=’",bicycle00,"', is_student=True, first_name=’",Margaret,"',last_name=’",Sellers,')
user=User.objects.create_user(username=’,Carey,"',email=’",Carey@illinois.edu,"',password=’",bicycle00,"', is_student=True, first_name=’",Mya,"',last_name=’",Carey,')
user=User.objects.create_user(username=’,Ponce,"',email=’",Ponce@illinois.edu,"',password=’",bicycle00,"', is_student=True, first_name=’",Shyla,"',last_name=’",Ponce,')
user=User.objects.create_user(username=’,Waters,"',email=’",Waters@illinois.edu,"',password=’",bicycle00,"', is_student=True, first_name=’",Kelly,"',last_name=’",Waters,')
user=User.objects.create_user(username=’,Gamble,"',email=’",Gamble@illinois.edu,"',password=’",bicycle00,"', is_student=True, first_name=’",Lia,"',last_name=’",Gamble,')
user=User.objects.create_user(username=’,Higgins,"',email=’",Higgins@illinois.edu,"',password=’",bicycle00,"', is_student=True, first_name=’",Kaila,"',last_name=’",Higgins,')
user=User.objects.create_user(username=’,Spears,"',email=’",Spears@illinois.edu,"',password=’",bicycle00,"', is_student=True, first_name=’",Alexa,"',last_name=’",Spears,')
user=User.objects.create_user(username=’,Zimmerman,"',email=’",Zimmerman@illinois.edu,"',password=’",bicycle00,"', is_student=True, first_name=’",Christine,"',last_name=’",Zimmerman,')
user=User.objects.create_user(username=’,Hoffman,"',email=’",Hoffman@illinois.edu,"',password=’",bicycle00,"', is_student=True, first_name=’",Nancy,"',last_name=’",Hoffman,')
user=User.objects.create_user(username=’,Bridges,"',email=’",Bridges@illinois.edu,"',password=’",bicycle00,"', is_student=True, first_name=’",Leila,"',last_name=’",Bridges,')
user=User.objects.create_user(username=’,Trujillo,"',email=’",Trujillo@illinois.edu,"',password=’",bicycle00,"', is_student=True, first_name=’",Lana,"',last_name=’",Trujillo,')
user=User.objects.create_user(username=’,Holden,"',email=’",Holden@illinois.edu,"',password=’",bicycle00,"', is_student=True, first_name=’",Cierra,"',last_name=’",Holden,')
user=User.objects.create_user(username=’,Friedman,"',email=’",Friedman@illinois.edu,"',password=’",bicycle00,"', is_student=True, first_name=’",Miracle,"',last_name=’",Friedman,')
user=User.objects.create_user(username=’,Sanford,"',email=’",Sanford@illinois.edu,"',password=’",bicycle00,"', is_student=True, first_name=’",Charlee,"',last_name=’",Sanford,')
user=User.objects.create_user(username=’,Murphy,"',email=’",Murphy@illinois.edu,"',password=’",bicycle00,"', is_student=True, first_name=’",Valeria,"',last_name=’",Murphy,')
user=User.objects.create_user(username=’,Orozco,"',email=’",Orozco@illinois.edu,"',password=’",bicycle00,"', is_student=True, first_name=’",Reina,"',last_name=’",Orozco,')
user=User.objects.create_user(username=’,Kidd,"',email=’",Kidd@illinois.edu,"',password=’",bicycle00,"', is_student=True, first_name=’",Lilyana,"',last_name=’",Kidd,')
user=User.objects.create_user(username=’,Green,"',email=’",Green@illinois.edu,"',password=’",bicycle00,"', is_student=True, first_name=’",Annalise,"',last_name=’",Green,')
user=User.objects.create_user(username=’,Stanley,"',email=’",Stanley@illinois.edu,"',password=’",bicycle00,"', is_student=True, first_name=’",Madilyn,"',last_name=’",Stanley,')
user=User.objects.create_user(username=’,Conrad,"',email=’",Conrad@illinois.edu,"',password=’",bicycle00,"', is_student=True, first_name=’",Hayden,"',last_name=’",Conrad,')
user=User.objects.create_user(username=’,Mccann,"',email=’",Mccann@illinois.edu,"',password=’",bicycle00,"', is_student=True, first_name=’",Kaylie,"',last_name=’",Mccann,')
user=User.objects.create_user(username=’,Knight,"',email=’",Knight@illinois.edu,"',password=’",bicycle00,"', is_student=True, first_name=’",Laylah,"',last_name=’",Knight,')
user=User.objects.create_user(username=’,Wong,"',email=’",Wong@illinois.edu,"',password=’",bicycle00,"', is_student=True, first_name=’",Tia,"',last_name=’",Wong,')
user=User.objects.create_user(username=’,Cisneros,"',email=’",Cisneros@illinois.edu,"',password=’",bicycle00,"', is_student=True, first_name=’",Natalie,"',last_name=’",Cisneros,')
user=User.objects.create_user(username=’,Miller,"',email=’",Miller@illinois.edu,"',password=’",bicycle00,"', is_student=True, first_name=’",Courtney,"',last_name=’",Miller,')
user=User.objects.create_user(username=’,Mcintosh,"',email=’",Mcintosh@illinois.edu,"',password=’",bicycle00,"', is_student=True, first_name=’",Isabela,"',last_name=’",Mcintosh,')
user=User.objects.create_user(username=’,Archer,"',email=’",Archer@illinois.edu,"',password=’",bicycle00,"', is_student=True, first_name=’",Kaya,"',last_name=’",Archer,')
user=User.objects.create_user(username=’,Rios,"',email=’",Rios@illinois.edu,"',password=’",bicycle00,"', is_student=True, first_name=’",Jakayla,"',last_name=’",Rios,')
user=User.objects.create_user(username=’,Walls,"',email=’",Walls@illinois.edu,"',password=’",bicycle00,"', is_student=True, first_name=’",Livia,"',last_name=’",Walls,')
user=User.objects.create_user(username=’,Hodges,"',email=’",Hodges@illinois.edu,"',password=’",bicycle00,"', is_student=True, first_name=’",Evie,"',last_name=’",Hodges,')
